[2026-09-02 10:43:00] [32minfo[39m: 	z2m:mqtt: MQTT publish: topic 'zigbee2mqtt/KitchenSocketRight', payload '{"child_lock":null,"countdown":null,"current":0,"device":{"applicationVersion":192,"dateCode":"","friendlyName":"KitchenSocketRight","hardwareVersion":1,"ieeeAddr":"0xa4c138075cd16ed4","manufacturerID":4417,"manufacturerName":"_TZ3000_b28wrpvx","model":"TS011F_plug_1_2","networkAddress":18460,"powerSource":"Mains (single phase)","stackVersion":0,"type":"Router","zclVersion":3},"energy":11.6,"identify":null,"indicator_mode":null,"linkquality":100,"power":0,"power_outage_memory":null,"state":"ON","switch_type_button":null,"update":{"installed_version":-1,"latest_version":-1,"state":null},"voltage":226}'
[2026-09-02 10:43:00] [32minfo[39m: 	z2m:mqtt: MQTT publish: topic 'zigbee2mqtt/HallBreakerKitchenInduction', payload '{"current_a":0,"current_b":0,"current_c":0,"device":{"applicationVersion":74,"dateCode":"","friendlyName":"HallBreakerKitchenInduction","hardwareVersion":1,"ieeeAddr":"0xa4c138278695ef31","manufacturerID":4417,"manufacturerName":"_TZE204_wbhaespm","model":"ZXB3-125","networkAddress":36651,"powerSource":"Mains (single phase)","stackVersion":0,"type":"Router","zclVersion":3},"energy":180.92,"faults":[],"high_temperature_breaker":null,"high_temperature_threshold":null,"insufficient_balance_breaker":null,"insufficient_balance_threshold":null,"leakage_breaker":null,"leakage_test":null,"leakage_threshold":null,"linkquality":84,"over_current_breaker":null,"over_current_threshold":null,"over_voltage_breaker":null,"over_voltage_threshold":null,"overload_breaker":null,"overload_threshold":null,"power_a":0,"power_b":0,"power_c":0,"state":"ON","temperature":25,"under_voltage_breaker":null,"under_voltage_threshold":null,"voltage_a":242.1,"voltage_b":241.3,"voltage_c":239.3}'
[2026-09-02 10:43:00] [32minfo[39m: 	z2m:mqtt: MQTT publish: topic 'zigbee2mqtt/LivingRoomPIREntrance', payload '{"battery":100,"device":{"applicationVersion":145,"friendlyName":"LivingRoomPIREntrance","hardwareVersion":1,"ieeeAddr":"0xa4c1381b8b4eff23","manufacturerID":4742,"manufacturerName":"_TZE200_3towulqd","model":"ZG-204ZL","networkAddress":48812,"powerSource":"Battery","softwareBuildID":"0122052017","stackVersion":2,"type":"EndDevice","zclVersion":3},"illuminance":2672,"illuminance_interval":60,"keep_time":"10","linkquality":96,"occupancy":false,"sensitivity":"high"}'
[2026-09-02 10:43:03] [32minfo[39m: 	z2m:mqtt: MQTT publish: topic 'zigbee2mqtt/HallBreakerMain', payload '{"current_a":0,"current_b":1.256,"current_c":0,"device":{"applicationVersion":74,"dateCode":"","friendlyName":"HallBreakerMain","hardwareVersion":1,"ieeeAddr":"0xa4c1381647fb6fe1","manufacturerID":4417,"manufacturerName":"_TZE204_wbhaespm","model":"ZXB3-125","networkAddress":23144,"powerSource":"Mains (single phase)","stackVersion":0,"type":"Router","zclVersion":3},"energy":758.31,"faults":[],"high_temperature_breaker":null,"high_temperature_threshold":null,"insufficient_balance_breaker":null,"insufficient_balance_threshold":null,"leakage_breaker":null,"leakage_test":null,"leakage_threshold":null,"linkquality":88,"over_current_breaker":null,"over_current_threshold":null,"over_voltage_breaker":null,"over_voltage_threshold":null,"overload_breaker":null,"overload_threshold":null,"power_a":0,"power_b":151,"power_c":0,"state":"ON","temperature":25,"under_voltage_breaker":null,"under_voltage_threshold":null,"voltage_a":241.5,"voltage_b":240.6,"voltage_c":239.3}'
[2026-09-02 10:43:04] [32minfo[39m: 	z2m:mqtt: MQTT publish: topic 'zigbee2mqtt/HallBreakerMain', payload '{"current_a":0,"current_b":1.256,"current_c":0,"device":{"applicationVersion":74,"dateCode":"","friendlyName":"HallBreakerMain","hardwareVersion":1,"ieeeAddr":"0xa4c1381647fb6fe1","manufacturerID":4417,"manufacturerName":"_TZE204_wbhaespm","model":"ZXB3-125","networkAddress":23144,"powerSource":"Mains (single phase)","stackVersion":0,"type":"Router","zclVersion":3},"energy":758.31,"faults":[],"high_temperature_breaker":null,"high_temperature_threshold":null,"insufficient_balance_breaker":null,"insufficient_balance_threshold":null,"leakage_breaker":null,"leakage_test":null,"leakage_threshold":null,"linkquality":80,"over_current_breaker":null,"over_current_threshold":null,"over_voltage_breaker":null,"over_voltage_threshold":null,"overload_breaker":null,"overload_threshold":null,"power_a":0,"power_b":151,"power_c":0,"state":"ON","temperature":25,"under_voltage_breaker":null,"under_voltage_threshold":null,"voltage_a":241.5,"voltage_b":240.6,"voltage_c":239.3}'
[2026-09-02 10:43:04] [32minfo[39m: 	z2m:mqtt: MQTT publish: topic 'zigbee2mqtt/HallBreakerMain', payload '{"current_a":0,"current_b":1.256,"current_c":0,"device":{"applicationVersion":74,"dateCode":"","friendlyName":"HallBreakerMain","hardwareVersion":1,"ieeeAddr":"0xa4c1381647fb6fe1","manufacturerID":4417,"manufacturerName":"_TZE204_wbhaespm","model":"ZXB3-125","networkAddress":23144,"powerSource":"Mains (single phase)","stackVersion":0,"type":"Router","zclVersion":3},"energy":758.31,"faults":[],"high_temperature_breaker":null,"high_temperature_threshold":null,"insufficient_balance_breaker":null,"insufficient_balance_threshold":null,"leakage_breaker":null,"leakage_test":null,"leakage_threshold":null,"linkquality":84,"over_current_breaker":null,"over_current_threshold":null,"over_voltage_breaker":null,"over_voltage_threshold":null,"overload_breaker":null,"overload_threshold":null,"power_a":0,"power_b":151,"power_c":0,"state":"ON","temperature":25,"under_voltage_breaker":null,"under_voltage_threshold":null,"voltage_a":241.5,"voltage_b":240.6,"voltage_c":239.3}'
[2026-09-02 10:43:05] [32minfo[39m: 	z2m:mqtt: MQTT publish: topic 'zigbee2mqtt/KitchenSocketRight', payload '{"child_lock":null,"countdown":null,"current":0,"device":{"applicationVersion":192,"dateCode":"","friendlyName":"KitchenSocketRight","hardwareVersion":1,"ieeeAddr":"0xa4c138075cd16ed4","manufacturerID":4417,"manufacturerName":"_TZ3000_b28wrpvx","model":"TS011F_plug_1_2","networkAddress":18460,"powerSource":"Mains (single phase)","stackVersion":0,"type":"Router","zclVersion":3},"energy":11.6,"identify":null,"indicator_mode":null,"linkquality":104,"power":0,"power_outage_memory":null,"state":"ON","switch_type_button":null,"update":{"installed_version":-1,"latest_version":-1,"state":null},"voltage":234}'
[2026-09-02 10:43:05] [32minfo[39m: 	z2m:mqtt: MQTT publish: topic 'zigbee2mqtt/LivingRoomPIREntrance', payload '{"battery":100,"device":{"applicationVersion":145,"friendlyName":"LivingRoomPIREntrance","hardwareVersion":1,"ieeeAddr":"0xa4c1381b8b4eff23","manufacturerID":4742,"manufacturerName":"_TZE200_3towulqd","model":"ZG-204ZL","networkAddress":48812,"powerSource":"Battery","softwareBuildID":"0122052017","stackVersion":2,"type":"EndDevice","zclVersion":3},"illuminance":2689,"illuminance_interval":60,"keep_time":"10","linkquality":96,"occupancy":false,"sensitivity":"high"}'
[2026-09-02 10:43:05] [32minfo[39m: 	z2m:mqtt: MQTT publish: topic 'zigbee2mqtt/HallPIRSensorEntrance', payload '{"battery":100,"device":{"applicationVersion":145,"friendlyName":"HallPIRSensorEntrance","hardwareVersion":1,"ieeeAddr":"0xa4c138adb5fa215f","manufacturerID":4742,"manufacturerName":"_TZE200_3towulqd","model":"ZG-204ZL","networkAddress":19016,"powerSource":"Battery","softwareBuildID":"0122052017","stackVersion":2,"type":"EndDevice","zclVersion":3},"illuminance":1419,"illuminance_interval":60,"keep_time":"10","linkquality":136,"occupancy":false,"sensitivity":"high"}'
[2026-09-02 10:43:06] [32minfo[39m: 	z2m:mqtt: MQTT publish: topic 'zigbee2mqtt/HallBreakerMain', payload '{"current_a":0,"current_b":1.256,"current_c":0,"device":{"applicationVersion":74,"dateCode":"","friendlyName":"HallBreakerMain","hardwareVersion":1,"ieeeAddr":"0xa4c1381647fb6fe1","manufacturerID":4417,"manufacturerName":"_TZE204_wbhaespm","model":"ZXB3-125","networkAddress":23144,"powerSource":"Mains (single phase)","stackVersion":0,"type":"Router","zclVersion":3},"energy":758.31,"faults":[],"high_temperature_breaker":null,"high_temperature_threshold":null,"insufficient_balance_breaker":null,"insufficient_balance_threshold":null,"leakage_breaker":null,"leakage_test":null,"leakage_threshold":null,"linkquality":80,"over_current_breaker":null,"over_current_threshold":null,"over_voltage_breaker":null,"over_voltage_threshold":null,"overload_breaker":null,"overload_threshold":null,"power_a":0,"power_b":151,"power_c":0,"state":"ON","temperature":25,"under_voltage_breaker":null,"under_voltage_threshold":null,"voltage_a":241.5,"voltage_b":240.6,"voltage_c":239.3}'
[2026-09-02 10:43:06] [32minfo[39m: 	z2m:mqtt: MQTT publish: topic 'zigbee2mqtt/HallBreakerKitchenInduction', payload '{"current_a":0,"current_b":0,"current_c":0,"device":{"applicationVersion":74,"dateCode":"","friendlyName":"HallBreakerKitchenInduction","hardwareVersion":1,"ieeeAddr":"0xa4c138278695ef31","manufacturerID":4417,"manufacturerName":"_TZE204_wbhaespm","model":"ZXB3-125","networkAddress":36651,"powerSource":"Mains (single phase)","stackVersion":0,"type":"Router","zclVersion":3},"energy":180.92,"faults":[],"high_temperature_breaker":null,"high_temperature_threshold":null,"insufficient_balance_breaker":null,"insufficient_balance_threshold":null,"leakage_breaker":null,"leakage_test":null,"leakage_threshold":null,"linkquality":84,"over_current_breaker":null,"over_current_threshold":null,"over_voltage_breaker":null,"over_voltage_threshold":null,"overload_breaker":null,"overload_threshold":null,"power_a":0,"power_b":0,"power_c":0,"state":"ON","temperature":25,"under_voltage_breaker":null,"under_voltage_threshold":null,"voltage_a":242.1,"voltage_b":241.3,"voltage_c":239.3}'
[2026-09-02 10:43:06] [32minfo[39m: 	z2m:mqtt: MQTT publish: topic 'zigbee2mqtt/HallBreakerKitchenInduction', payload '{"current_a":0,"current_b":0,"current_c":0,"device":{"applicationVersion":74,"dateCode":"","friendlyName":"HallBreakerKitchenInduction","hardwareVersion":1,"ieeeAddr":"0xa4c138278695ef31","manufacturerID":4417,"manufacturerName":"_TZE204_wbhaespm","model":"ZXB3-125","networkAddress":36651,"powerSource":"Mains (single phase)","stackVersion":0,"type":"Router","zclVersion":3},"energy":180.92,"faults":[],"high_temperature_breaker":null,"high_temperature_threshold":null,"insufficient_balance_breaker":null,"insufficient_balance_threshold":null,"leakage_breaker":null,"leakage_test":null,"leakage_threshold":null,"linkquality":92,"over_current_breaker":null,"over_current_threshold":null,"over_voltage_breaker":null,"over_voltage_threshold":null,"overload_breaker":null,"overload_threshold":null,"power_a":0,"power_b":0,"power_c":0,"state":"ON","temperature":25,"under_voltage_breaker":null,"under_voltage_threshold":null,"voltage_a":242.1,"voltage_b":241.3,"voltage_c":239.3}'
[2026-09-02 10:43:07] [32minfo[39m: 	z2m:mqtt: MQTT publish: topic 'zigbee2mqtt/BedroomSocketDoorR', payload '{"child_lock":null,"countdown":null,"current":0,"device":{"applicationVersion":77,"dateCode":"","friendlyName":"BedroomSocketDoorR","hardwareVersion":1,"ieeeAddr":"0xa4c1386e4892f726","manufacturerID":4417,"manufacturerName":"_TZ3000_b28wrpvx","model":"TS011F_plug_1_2","networkAddress":14498,"powerSource":"Mains (single phase)","stackVersion":0,"type":"Router","zclVersion":3},"energy":0.27,"identify":null,"indicator_mode":null,"linkquality":136,"power":0,"power_outage_memory":null,"state":"OFF","switch_type_button":null,"update":{"installed_version":-1,"latest_version":-1,"state":null},"voltage":234}'
[2026-09-02 10:43:07] [32minfo[39m: 	zh:ember:ezsp: Received network/route error ROUTE_ERROR_MANY_TO_ONE_ROUTE_FAILURE for "18460".
[2026-09-02 10:43:08] [32minfo[39m: 	z2m:mqtt: MQTT publish: topic 'zigbee2mqtt/BedroomSocketDoorR', payload '{"child_lock":null,"countdown":null,"current":0,"device":{"applicationVersion":77,"dateCode":"","friendlyName":"BedroomSocketDoorR","hardwareVersion":1,"ieeeAddr":"0xa4c1386e4892f726","manufacturerID":4417,"manufacturerName":"_TZ3000_b28wrpvx","model":"TS011F_plug_1_2","networkAddress":14498,"powerSource":"Mains (single phase)","stackVersion":0,"type":"Router","zclVersion":3},"energy":0.27,"identify":null,"indicator_mode":null,"linkquality":140,"power":0,"power_outage_memory":null,"state":"OFF","switch_type_button":null,"update":{"installed_version":-1,"latest_version":-1,"state":null},"voltage":235}'
[2026-09-02 10:43:08] [32minfo[39m: 	z2m:mqtt: MQTT publish: topic 'zigbee2mqtt/BedroomSocketDoorR', payload '{"child_lock":null,"countdown":null,"current":0,"device":{"applicationVersion":77,"dateCode":"","friendlyName":"BedroomSocketDoorR","hardwareVersion":1,"ieeeAddr":"0xa4c1386e4892f726","manufacturerID":4417,"manufacturerName":"_TZ3000_b28wrpvx","model":"TS011F_plug_1_2","networkAddress":14498,"powerSource":"Mains (single phase)","stackVersion":0,"type":"Router","zclVersion":3},"energy":0.27,"identify":null,"indicator_mode":null,"linkquality":136,"power":0,"power_outage_memory":null,"state":"OFF","switch_type_button":null,"update":{"installed_version":-1,"latest_version":-1,"state":null},"voltage":235}'
[2026-09-02 10:43:08] [32minfo[39m: 	z2m:mqtt: MQTT publish: topic 'zigbee2mqtt/HallPIRSensorEntrance', payload '{"battery":100,"device":{"applicationVersion":145,"friendlyName":"HallPIRSensorEntrance","hardwareVersion":1,"ieeeAddr":"0xa4c138adb5fa215f","manufacturerID":4742,"manufacturerName":"_TZE200_3towulqd","model":"ZG-204ZL","networkAddress":19016,"powerSource":"Battery","softwareBuildID":"0122052017","stackVersion":2,"type":"EndDevice","zclVersion":3},"illuminance":1436,"illuminance_interval":60,"keep_time":"10","linkquality":136,"occupancy":false,"sensitivity":"high"}'
[2026-09-02 10:43:08] [32minfo[39m: 	z2m:mqtt: MQTT publish: topic 'zigbee2mqtt/HallBreakerKitchenInduction', payload '{"current_a":0,"current_b":0,"current_c":0,"device":{"applicationVersion":74,"dateCode":"","friendlyName":"HallBreakerKitchenInduction","hardwareVersion":1,"ieeeAddr":"0xa4c138278695ef31","manufacturerID":4417,"manufacturerName":"_TZE204_wbhaespm","model":"ZXB3-125","networkAddress":36651,"powerSource":"Mains (single phase)","stackVersion":0,"type":"Router","zclVersion":3},"energy":180.92,"faults":[],"high_temperature_breaker":null,"high_temperature_threshold":null,"insufficient_balance_breaker":null,"insufficient_balance_threshold":null,"leakage_breaker":null,"leakage_test":null,"leakage_threshold":null,"linkquality":80,"over_current_breaker":null,"over_current_threshold":null,"over_voltage_breaker":null,"over_voltage_threshold":null,"overload_breaker":null,"overload_threshold":null,"power_a":0,"power_b":0,"power_c":0,"state":"ON","temperature":25,"under_voltage_breaker":null,"under_voltage_threshold":null,"voltage_a":242.1,"voltage_b":241.3,"voltage_c":239.3}'
[2026-09-02 10:43:09] [32minfo[39m: 	z2m:mqtt: MQTT publish: topic 'zigbee2mqtt/HallEntranceIlluminance', payload '{"battery":50,"device":{"applicationVersion":151,"dateCode":"26022026","friendlyName":"HallEntranceIlluminance","hardwareVersion":1,"ieeeAddr":"0xa4c1386c6faff53b","manufacturerID":4742,"manufacturerName":"HOBEIAN","model":"ZG-106Z","networkAddress":28272,"powerSource":"Battery","softwareBuildID":"0126022026","stackVersion":2,"type":"EndDevice","zclVersion":3},"illuminance":7,"linkquality":136,"voltage":2700}'
[2026-09-02 10:43:10] [32minfo[39m: 	z2m:mqtt: MQTT publish: topic 'zigbee2mqtt/LivingRoomPIREntrance', payload '{"battery":100,"device":{"applicationVersion":145,"friendlyName":"LivingRoomPIREntrance","hardwareVersion":1,"ieeeAddr":"0xa4c1381b8b4eff23","manufacturerID":4742,"manufacturerName":"_TZE200_3towulqd","model":"ZG-204ZL","networkAddress":48812,"powerSource":"Battery","softwareBuildID":"0122052017","stackVersion":2,"type":"EndDevice","zclVersion":3},"illuminance":2689,"illuminance_interval":60,"keep_time":"10","linkquality":92,"occupancy":false,"sensitivity":"high"}'
[2026-09-02 10:43:12] [32minfo[39m: 	z2m:mqtt: MQTT publish: topic 'zigbee2mqtt/KitchenSocketFridge', payload '{"child_lock":"UNLOCK","countdown":0,"current":0.17,"device":{"applicationVersion":112,"friendlyName":"KitchenSocketFridge","hardwareVersion":0,"ieeeAddr":"0xa4c138460c83974f","manufacturerID":4107,"manufacturerName":"_TZ3000_cehuw1lw","model":"TS011F_plug_3","networkAddress":30791,"powerSource":"Mains (single phase)","softwareBuildID":"1.0.5\u0000","stackVersion":2,"type":"Router","zclVersion":3},"energy":88.92,"indicator_mode":"off/on","linkquality":180,"power":25,"power_outage_memory":"on","state":"ON","update":{"installed_version":-1,"latest_version":-1,"state":null},"voltage":237}'
[2026-09-02 10:43:12] [32minfo[39m: 	z2m:mqtt: MQTT publish: topic 'zigbee2mqtt/KitchenSocketFridge', payload '{"child_lock":"UNLOCK","countdown":0,"current":0.17,"device":{"applicationVersion":112,"friendlyName":"KitchenSocketFridge","hardwareVersion":0,"ieeeAddr":"0xa4c138460c83974f","manufacturerID":4107,"manufacturerName":"_TZ3000_cehuw1lw","model":"TS011F_plug_3","networkAddress":30791,"powerSource":"Mains (single phase)","softwareBuildID":"1.0.5\u0000","stackVersion":2,"type":"Router","zclVersion":3},"energy":88.92,"indicator_mode":"off/on","linkquality":176,"power":25,"power_outage_memory":"on","state":"ON","update":{"installed_version":-1,"latest_version":-1,"state":null},"voltage":237}'
[2026-09-02 10:43:13] [32minfo[39m: 	z2m:mqtt: MQTT publish: topic 'zigbee2mqtt/HallBreakerMain', payload '{"current_a":0,"current_b":1.246,"current_c":0,"device":{"applicationVersion":74,"dateCode":"","friendlyName":"HallBreakerMain","hardwareVersion":1,"ieeeAddr":"0xa4c1381647fb6fe1","manufacturerID":4417,"manufacturerName":"_TZE204_wbhaespm","model":"ZXB3-125","networkAddress":23144,"powerSource":"Mains (single phase)","stackVersion":0,"type":"Router","zclVersion":3},"energy":758.31,"faults":[],"high_temperature_breaker":null,"high_temperature_threshold":null,"insufficient_balance_breaker":null,"insufficient_balance_threshold":null,"leakage_breaker":null,"leakage_test":null,"leakage_threshold":null,"linkquality":80,"over_current_breaker":null,"over_current_threshold":null,"over_voltage_breaker":null,"over_voltage_threshold":null,"overload_breaker":null,"overload_threshold":null,"power_a":0,"power_b":147,"power_c":0,"state":"ON","temperature":25,"under_voltage_breaker":null,"under_voltage_threshold":null,"voltage_a":241.5,"voltage_b":240.7,"voltage_c":239.3}'
[2026-09-02 10:43:13] [32minfo[39m: 	z2m:mqtt: MQTT publish: topic 'zigbee2mqtt/HallBreakerMain', payload '{"current_a":0,"current_b":1.246,"current_c":0,"device":{"applicationVersion":74,"dateCode":"","friendlyName":"HallBreakerMain","hardwareVersion":1,"ieeeAddr":"0xa4c1381647fb6fe1","manufacturerID":4417,"manufacturerName":"_TZE204_wbhaespm","model":"ZXB3-125","networkAddress":23144,"powerSource":"Mains (single phase)","stackVersion":0,"type":"Router","zclVersion":3},"energy":758.31,"faults":[],"high_temperature_breaker":null,"high_temperature_threshold":null,"insufficient_balance_breaker":null,"insufficient_balance_threshold":null,"leakage_breaker":null,"leakage_test":null,"leakage_threshold":null,"linkquality":92,"over_current_breaker":null,"over_current_threshold":null,"over_voltage_breaker":null,"over_voltage_threshold":null,"overload_breaker":null,"overload_threshold":null,"power_a":0,"power_b":147,"power_c":0,"state":"ON","temperature":25,"under_voltage_breaker":null,"under_voltage_threshold":null,"voltage_a":241.5,"voltage_b":240.7,"voltage_c":239.3}'
[2026-09-02 10:43:14] [32minfo[39m: 	z2m: Stopping Zigbee2MQTT (restart=false, code=0, signal=SIGTERM)
[2026-09-02 10:43:14] [32minfo[39m: 	z2m:mqtt: MQTT publish: topic 'zigbee2mqtt/bridge/state', payload '{"state":"offline"}'
[2026-09-02 10:43:14] [32minfo[39m: 	z2m: Disconnecting from MQTT server
[2026-09-02 10:43:14] [32minfo[39m: 	z2m: Stopping zigbee-herdsman...
[2026-09-02 10:43:14] [31merror[39m: 	zh:controller: Failed to disable join on stop: Error: ~x~> [ZCL BROADCAST destination=65533] Failed to send with status=BUSY.
[2026-09-02 10:43:14] [32minfo[39m: 	zh:controller: Wrote coordinator backup to '/config/zigbee2mqtt/coordinator_backup.json'
[2026-09-02 10:43:14] [32minfo[39m: 	zh:ember:uart:ash: ASH COUNTERS since last clear:
[2026-09-02 10:43:14] [32minfo[39m: 	zh:ember:uart:ash:   Total frames: RX=15473, TX=18529
[2026-09-02 10:43:14] [32minfo[39m: 	zh:ember:uart:ash:   Cancelled   : RX=0, TX=0
[2026-09-02 10:43:14] [32minfo[39m: 	zh:ember:uart:ash:   DATA frames : RX=15473, TX=3056
[2026-09-02 10:43:14] [32minfo[39m: 	zh:ember:uart:ash:   DATA bytes  : RX=509358, TX=82956
[2026-09-02 10:43:14] [32minfo[39m: 	zh:ember:uart:ash:   Retry frames: RX=0, TX=0
[2026-09-02 10:43:14] [32minfo[39m: 	zh:ember:uart:ash:   ACK frames  : RX=0, TX=15473
[2026-09-02 10:43:14] [32minfo[39m: 	zh:ember:uart:ash:   NAK frames  : RX=0, TX=0
[2026-09-02 10:43:14] [32minfo[39m: 	zh:ember:uart:ash:   nRdy frames : RX=0, TX=0
[2026-09-02 10:43:14] [32minfo[39m: 	zh:ember:uart:ash:   CRC errors      : RX=0
[2026-09-02 10:43:14] [32minfo[39m: 	zh:ember:uart:ash:   Comm errors     : RX=0
[2026-09-02 10:43:14] [32minfo[39m: 	zh:ember:uart:ash:   Length < minimum: RX=0
[2026-09-02 10:43:14] [32minfo[39m: 	zh:ember:uart:ash:   Length > maximum: RX=0
[2026-09-02 10:43:14] [32minfo[39m: 	zh:ember:uart:ash:   Bad controls    : RX=0
[2026-09-02 10:43:14] [32minfo[39m: 	zh:ember:uart:ash:   Bad lengths     : RX=0
[2026-09-02 10:43:14] [32minfo[39m: 	zh:ember:uart:ash:   Bad ACK numbers : RX=0
[2026-09-02 10:43:14] [32minfo[39m: 	zh:ember:uart:ash:   Out of buffers  : RX=0
[2026-09-02 10:43:14] [32minfo[39m: 	zh:ember:uart:ash:   Retry dupes     : RX=0
[2026-09-02 10:43:14] [32minfo[39m: 	zh:ember:uart:ash:   Out of sequence : RX=0
[2026-09-02 10:43:14] [32minfo[39m: 	zh:ember:uart:ash:   ACK timeouts    : RX=0
[2026-09-02 10:43:19] [31merror[39m: 	z2m: Not connected to MQTT server!
[2026-09-02 10:43:19] [31merror[39m: 	z2m: Cannot send message: topic: 'zigbee2mqtt/BedroomSocketDoorR', payload: '{"child_lock":null,"countdown":null,"current":0,"device":{"applicationVersion":77,"dateCode":"","friendlyName":"BedroomSocketDoorR","hardwareVersion":1,"ieeeAddr":"0xa4c1386e4892f726","manufacturerID":4417,"manufacturerName":"_TZ3000_b28wrpvx","model":"TS011F_plug_1_2","networkAddress":14498,"powerSource":"Mains (single phase)","stackVersion":0,"type":"Router","zclVersion":3},"energy":0.27,"identify":null,"indicator_mode":null,"linkquality":136,"power":0,"power_outage_memory":null,"state":"OFF","switch_type_button":null,"update":{"installed_version":-1,"latest_version":-1,"state":null},"voltage":235}
[2026-09-02 10:43:19] [31merror[39m: 	z2m: Not connected to MQTT server!
[2026-09-02 10:43:19] [31merror[39m: 	z2m: Cannot send message: topic: 'zigbee2mqtt/BedroomSocketDoorR', payload: '{"child_lock":null,"countdown":null,"current":0,"device":{"applicationVersion":77,"dateCode":"","friendlyName":"BedroomSocketDoorR","hardwareVersion":1,"ieeeAddr":"0xa4c1386e4892f726","manufacturerID":4417,"manufacturerName":"_TZ3000_b28wrpvx","model":"TS011F_plug_1_2","networkAddress":14498,"powerSource":"Mains (single phase)","stackVersion":0,"type":"Router","zclVersion":3},"energy":0.27,"identify":null,"indicator_mode":null,"linkquality":136,"power":0,"power_outage_memory":null,"state":"OFF","switch_type_button":null,"update":{"installed_version":-1,"latest_version":-1,"state":null},"voltage":235}
[2026-09-02 10:43:19] [32minfo[39m: 	zh:ember:uart:ash: Port closed, error=null
[2026-09-02 10:43:19] [32minfo[39m: 	zh:ember:uart:ash: ======== ASH stopped ========
[2026-09-02 10:43:19] [32minfo[39m: 	zh:ember:ezsp: ======== EZSP stopped ========
[2026-09-02 10:43:19] [32minfo[39m: 	zh:ember: ======== Ember Adapter Stopped ========
[2026-09-02 10:43:19] [32minfo[39m: 	z2m: Stopped zigbee-herdsman
[2026-09-02 10:43:19] [32minfo[39m: 	z2m: Stopped Zigbee2MQTT
[10:43:19] INFO: [32mPreparing to start...[0m
[10:43:19] INFO: [32mSocat not enabled[0m
[10:43:20] ERROR: [35mGot unexpected response from the API: Service not enabled[0m
[10:43:20] ERROR: [35mFailed to get services from Supervisor API[0m
[10:43:20] INFO: [32mStarting Zigbee2MQTT...[0m
Starting Zigbee2MQTT without watchdog.
[2026-09-02 10:43:21] [32minfo[39m: 	z2m: Logging to console, file (filename: log.log)
[2026-09-02 10:43:21] [32minfo[39m: 	z2m: Starting Zigbee2MQTT version 2.13.0 (commit #unknown)
[2026-09-02 10:43:21] [32minfo[39m: 	z2m: Starting zigbee-herdsman (10.8.0)
[2026-09-02 10:43:22] [32minfo[39m: 	zh:ember: Using default stack config.
[2026-09-02 10:43:22] [32minfo[39m: 	zh:ember: ======== Ember Adapter Starting ========
[2026-09-02 10:43:22] [32minfo[39m: 	zh:ember:ezsp: ======== EZSP starting ========
[2026-09-02 10:43:22] [32minfo[39m: 	zh:ember:uart:ash: ======== ASH Adapter reset ========
[2026-09-02 10:43:22] [32minfo[39m: 	zh:ember:uart:ash: RTS/CTS config is off, enabling software flow control.
[2026-09-02 10:43:22] [32minfo[39m: 	zh:ember:uart:ash: Serial port opened
[2026-09-02 10:43:22] [32minfo[39m: 	zh:ember:uart:ash: ======== ASH starting ========
[2026-09-02 10:43:23] [32minfo[39m: 	zh:ember:uart:ash: ======== ASH connected ========
[2026-09-02 10:43:23] [32minfo[39m: 	zh:ember:uart:ash: ======== ASH started ========
[2026-09-02 10:43:23] [32minfo[39m: 	zh:ember:ezsp: ======== EZSP started ========
[2026-09-02 10:43:23] [32minfo[39m: 	zh:ember: Adapter version info: {"ezsp":19,"revision":"9.1.1 [GA]","build":0,"major":9,"minor":1,"patch":1,"special":0,"type":170}
[2026-09-02 10:43:23] [32minfo[39m: 	zh:ember: [STACK STATUS] Network up.
[2026-09-02 10:43:23] [32minfo[39m: 	zh:ember: [INIT TC] Adapter network matches config.
[2026-09-02 10:43:23] [32minfo[39m: 	zh:ember: [CONCENTRATOR] Started source route discovery. 1247ms until next broadcast.
[2026-09-02 10:43:24] [32minfo[39m: 	z2m: zigbee-herdsman started (resumed)
[2026-09-02 10:43:24] [32minfo[39m: 	z2m: Coordinator firmware version: '{"meta":{"build":0,"ezsp":19,"major":9,"minor":1,"patch":1,"revision":"9.1.1 [GA]","special":0,"type":170},"type":"EmberZNet"}'
[2026-09-02 10:43:24] [32minfo[39m: 	z2m: LivingRoomSocketWifiRight (0xa4c138b5e090e7c0): TS011F_plug_1_2 - BSEED Wall-mounted electrical EU/FR/UK socket with power monitoring (Router)
[2026-09-02 10:43:24] [32minfo[39m: 	z2m: LivingRoomSocketWifiLeft (0xa4c138ba60b92c5f): Not supported (Router)
[2026-09-02 10:43:24] [32minfo[39m: 	z2m: LivingRoomSocketHA (0xa4c13812088a54ac): TS011F_plug_1_2 - BSEED Wall-mounted electrical EU/FR/UK socket with power monitoring (Router)
[2026-09-02 10:43:24] [32minfo[39m: 	z2m: LivingRoomSocketTableLeft (0xa4c138cdf963eac3): TS011F_plug_1_2 - BSEED Wall-mounted electrical EU/FR/UK socket with power monitoring (Router)
[2026-09-02 10:43:24] [32minfo[39m: 	z2m: KitchenSocketLeft (0xa4c138241e3de538): TS011F_plug_1_2 - BSEED Wall-mounted electrical EU/FR/UK socket with power monitoring (Router)
[2026-09-02 10:43:24] [32minfo[39m: 	z2m: KitchenSocketRight (0xa4c138075cd16ed4): TS011F_plug_1_2 - BSEED Wall-mounted electrical EU/FR/UK socket with power monitoring (Router)
[2026-09-02 10:43:24] [32minfo[39m: 	z2m: LivingRoomSocketEntrance (0xa4c13889b20f010e): TS011F_plug_1_2 - BSEED Wall-mounted electrical EU/FR/UK socket with power monitoring (Router)
[2026-09-02 10:43:24] [32minfo[39m: 	z2m: LivingRoomSocketHifiLeft (0xa4c138da1333dc70): TS011F_plug_1_2 - BSEED Wall-mounted electrical EU/FR/UK socket with power monitoring (Router)
[2026-09-02 10:43:24] [32minfo[39m: 	z2m: LivingRoomSocketHifiRight (0xa4c138eb22efaa91): TS011F_plug_1_2 - BSEED Wall-mounted electrical EU/FR/UK socket with power monitoring (Router)
[2026-09-02 10:43:24] [32minfo[39m: 	z2m: KitchenSocketDishwasher (0xa4c1382292dbe653): TS011F_plug_3 - Tuya Smart plug (with power monitoring by polling) (Router)
[2026-09-02 10:43:24] [32minfo[39m: 	z2m: KitchenSocketFridge (0xa4c138460c83974f): TS011F_plug_3 - Tuya Smart plug (with power monitoring by polling) (Router)
[2026-09-02 10:43:24] [32minfo[39m: 	z2m: HallBreakerMain (0xa4c1381647fb6fe1): STB3L-125-ZJ - SUTON Zigbee DIN RCBO energy meter (Router)
[2026-09-02 10:43:24] [32minfo[39m: 	z2m: HallBreakerFAFI2 (0x94b216fffe75de0a): TO-Q-SY2-163JZT - Tongou Smart circuit breaker (Router)
[2026-09-02 10:43:24] [32minfo[39m: 	z2m: HallBreakerFAFI3 (0x94b216fffe776a41): TO-Q-SY2-163JZT - Tongou Smart circuit breaker (Router)
[2026-09-02 10:43:24] [32minfo[39m: 	z2m: HallBulb1 (0xa4c13861dd842a03): TS0505B_1_1 - Tuya Zigbee 3.0 18W led light bulb E27 RGBCW (Router)
[2026-09-02 10:43:24] [32minfo[39m: 	z2m: HallBulb2 (0xa4c13805fc0dacfb): TS0505B_1_1 - Tuya Zigbee 3.0 18W led light bulb E27 RGBCW (Router)
[2026-09-02 10:43:24] [32minfo[39m: 	z2m: LivingRoomCircleLightDimmer (0xa4c13850cfcdb3a4): GL-SD-301P - Gledopto Zigbee triac AC dimmer (Router)
[2026-09-02 10:43:24] [32minfo[39m: 	z2m: HallBulb3 (0xa4c138cec3e04283): TS0505B_1_1 - Tuya Zigbee 3.0 18W led light bulb E27 RGBCW (Router)
[2026-09-02 10:43:24] [32minfo[39m: 	z2m: DoorSensor (0xa4c1383043612ca4): TS0203 - Tuya Door/window sensor (EndDevice)
[2026-09-02 10:43:24] [32minfo[39m: 	z2m: HallPIRSensorEntrance (0xa4c138adb5fa215f): ZG-204ZL - Tuya Luminance motion sensor (EndDevice)
[2026-09-02 10:43:24] [32minfo[39m: 	z2m: HALLSocketMain (0xa4c138186a69b78c): TS011F_plug_1_2 - BSEED Wall-mounted electrical EU/FR/UK socket with power monitoring (Router)
[2026-09-02 10:43:24] [32minfo[39m: 	z2m: HallSocketBedroom (0xa4c13873701cd36c): TS011F_plug_1_2 - BSEED Wall-mounted electrical EU/FR/UK socket with power monitoring (Router)
[2026-09-02 10:43:24] [32minfo[39m: 	z2m: WRSocketWindowLeft (0xa4c138ef578c9f75): TS011F_plug_1_2 - BSEED Wall-mounted electrical EU/FR/UK socket with power monitoring (Router)
[2026-09-02 10:43:24] [32minfo[39m: 	z2m: WRSocketWindowRightL (0xa4c138793505c5cc): TS011F_plug_1_2 - BSEED Wall-mounted electrical EU/FR/UK socket with power monitoring (Router)
[2026-09-02 10:43:24] [32minfo[39m: 	z2m: WRSocketWindowRightR (0xa4c138278260973a): TS011F_plug_1_2 - BSEED Wall-mounted electrical EU/FR/UK socket with power monitoring (Router)
[2026-09-02 10:43:24] [32minfo[39m: 	z2m: BedroomSocketDoorR (0xa4c1386e4892f726): TS011F_plug_1_2 - BSEED Wall-mounted electrical EU/FR/UK socket with power monitoring (Router)
[2026-09-02 10:43:24] [32minfo[39m: 	z2m: BedroomSocketDoorL (0xa4c138054d265da2): TS011F_plug_1_2 - BSEED Wall-mounted electrical EU/FR/UK socket with power monitoring (Router)
[2026-09-02 10:43:24] [32minfo[39m: 	z2m: BedroomSocketCabinetL (0xa4c13837b0bc5952): TS011F_plug_1_2 - BSEED Wall-mounted electrical EU/FR/UK socket with power monitoring (Router)
[2026-09-02 10:43:24] [32minfo[39m: 	z2m: BedroomSocketWindowL (0xa4c138e4befcb1d8): TS011F_plug_1_2 - BSEED Wall-mounted electrical EU/FR/UK socket with power monitoring (Router)
[2026-09-02 10:43:24] [32minfo[39m: 	z2m: BedroomSocketWindowR (0xa4c138aed67ea773): TS011F_plug_1_2 - BSEED Wall-mounted electrical EU/FR/UK socket with power monitoring (Router)
[2026-09-02 10:43:24] [32minfo[39m: 	z2m: buttHallHAPower (0x94a081fffef44a55): E2201 - IKEA RODRET wireless dimmer/power switch (EndDevice)
[2026-09-02 10:43:24] [32minfo[39m: 	z2m: BedroomLightColors (0x94b216fffe505df2): TS0044 - Tuya Wireless switch with 4 buttons (EndDevice)
[2026-09-02 10:43:24] [32minfo[39m: 	z2m: buttWorkRoomTableLightsDimmer (0x08b95ffffed12cba): E2201 - IKEA RODRET wireless dimmer/power switch (EndDevice)
[2026-09-02 10:43:24] [32minfo[39m: 	z2m: HallSmartDimmer (0xb4e3f9fffeec4e36): VES-ZB-WAL-012 - Vesternet Zigbee wall controller - 8 button (EndDevice)
[2026-09-02 10:43:24] [32minfo[39m: 	z2m: BedroomBulb2 (0x0c2a6ffffe08159a): LED2004G8 - IKEA TRADFRI bulb E26/E27, white spectrum, globe, clear, 800/806/810 lm (Router)
[2026-09-02 10:43:24] [32minfo[39m: 	z2m: BedroomBulb1 (0x6cfd22fffee99de5): LED2004G8 - IKEA TRADFRI bulb E26/E27, white spectrum, globe, clear, 800/806/810 lm (Router)
[2026-09-02 10:43:24] [32minfo[39m: 	z2m: BedroomBulb3 (0x70c59cfffe6c80c3): LED2004G8 - IKEA TRADFRI bulb E26/E27, white spectrum, globe, clear, 800/806/810 lm (Router)
[2026-09-02 10:43:24] [32minfo[39m: 	z2m: BedroomSocketBalcony (0xa4c138ac993cc245): Not supported (Router)
[2026-09-02 10:43:24] [32minfo[39m: 	z2m: WRSocketEntrance (0xa4c1387b13e9436d): Not supported (Router)
[2026-09-02 10:43:24] [32minfo[39m: 	z2m: BedroomSocketCabinetRight (0xa4c13824a7005afb): Not supported (Router)
[2026-09-02 10:43:24] [32minfo[39m: 	z2m: HallBedroomSwitchRouter (0xfc4d6afffe6e6b53): ZBMINIR2 - SONOFF Zigbee smart switch (Router)
[2026-09-02 10:43:24] [32minfo[39m: 	z2m: ButtHallLightsDimmer (0xd44867fffefeab39): E2201 - IKEA RODRET wireless dimmer/power switch (EndDevice)
[2026-09-02 10:43:24] [32minfo[39m: 	z2m: LivingRoomLinearSwitchPower (0x8c8b48fffe67c120): ZBMINIR2 - SONOFF Zigbee smart switch (Router)
[2026-09-02 10:43:24] [32minfo[39m: 	z2m: HallBreakerFA11 (0x94b216fffe7734c9): TO-Q-SY2-163JZT - Tongou Smart circuit breaker (Router)
[2026-09-02 10:43:24] [32minfo[39m: 	z2m: LivingRoomMainDimmer (0xa4c13843a9d40f85): Not supported (Router)
[2026-09-02 10:43:24] [32minfo[39m: 	z2m: HallMainSwitchAvatto (0xa4c138f29eba8f49): Not supported (Router)
[2026-09-02 10:43:24] [32minfo[39m: 	z2m: LivingRoomPIRSensorVertical (0xa4c1380db190ca8b): ZG-204ZV - HOBEIAN Millimeter wave motion detection (EndDevice)
[2026-09-02 10:43:24] [32minfo[39m: 	z2m: BedroomDimmer (0xa4c138f6936a1788): Not supported (Router)
[2026-09-02 10:43:24] [32minfo[39m: 	z2m: ButtHallDoor (0x001788010ed4427c): 929002398602 - Philips Hue dimmer switch gen 2 (EndDevice)
[2026-09-02 10:43:24] [32minfo[39m: 	z2m: LivingRoomBulbTableLeft (0xa4c138b9bda6dbcf): RB 287 C - Innr Smart Bulb Colour E27 1200lm (Router)
[2026-09-02 10:43:24] [32minfo[39m: 	z2m: LivingRoomBulbTableMiddle (0xa4c1385c11d46ae5): RB 287 C - Innr Smart Bulb Colour E27 1200lm (Router)
[2026-09-02 10:43:24] [32minfo[39m: 	z2m: LivingRoomBulbTableRight (0xa4c138d6a7100473): RB 287 C - Innr Smart Bulb Colour E27 1200lm (Router)
[2026-09-02 10:43:24] [32minfo[39m: 	z2m: HallShoesLed (0xa4c138105a8e4207): GL-C-006P - Gledopto Zigbee LED Controller WW/CW (pro) (Router)
[2026-09-02 10:43:24] [32minfo[39m: 	z2m: WorkRoomMainSwitchDimmer (0xa4c13803d7475156): Not supported (Router)
[2026-09-02 10:43:24] [32minfo[39m: 	z2m: BathroomPIR (0xa4c138c160b4890d): ZG-204ZL - Tuya Luminance motion sensor (EndDevice)
[2026-09-02 10:43:24] [32minfo[39m: 	z2m: WorkRoomSwitchLedMain (0xa4c1381daa061e97): Not supported (Router)
[2026-09-02 10:43:24] [32minfo[39m: 	z2m: WorkroomSwitchLedsTable (0x8c8b48fffe685a39): ZBMINIR2 - SONOFF Zigbee smart switch (Router)
[2026-09-02 10:43:24] [32minfo[39m: 	z2m: LivingRoomPIREntrance (0xa4c1381b8b4eff23): ZG-204ZL - Tuya Luminance motion sensor (EndDevice)
[2026-09-02 10:43:24] [32minfo[39m: 	z2m: LivingRoomLinearDimmer (0xa4c1388b709b209c): GL-C-009P - Gledopto Zigbee LED Controller W (pro) (Router)
[2026-09-02 10:43:24] [32minfo[39m: 	z2m: WorkroomTableRightDimmer (0x70ac08fffe48994a): 50208702 - Sunricher LED dimmable driver (Router)
[2026-09-02 10:43:24] [32minfo[39m: 	z2m: WorkroomTableLeftDimmer (0x70ac08fffe489643): 50208702 - Sunricher LED dimmable driver (Router)
[2026-09-02 10:43:24] [32minfo[39m: 	z2m: HallPIRSensorMain (0xa4c13812aebbdaa0): ZP01 - Tuya Motion sensor (EndDevice)
[2026-09-02 10:43:24] [32minfo[39m: 	z2m: HallCabinetPIR (0xa4c1385bc54e54bf): ZG-204ZV - HOBEIAN Millimeter wave motion detection (EndDevice)
[2026-09-02 10:43:24] [32minfo[39m: 	z2m: ButtBedroomCabinet (0xf0fd45fffe3847f7): E2001/E2002/E2313 - IKEA STYRBAR remote control (EndDevice)
[2026-09-02 10:43:24] [32minfo[39m: 	z2m: OutdoorTerasaTemp (0xa4c138ff9d303f05): SNZB-02 - SONOFF Temperature and humidity sensor (EndDevice)
[2026-09-02 10:43:24] [32minfo[39m: 	z2m: BathroomTemp (0xa4c1384f030f8edb): ZTH05Z - Tuya Temperature and humidity sensor (EndDevice)
[2026-09-02 10:43:24] [32minfo[39m: 	z2m: OutdoorBalconyTemp (0xa4c1382ca6f1bdde): TS0201 - Tuya Temperature & humidity sensor with display (EndDevice)
[2026-09-02 10:43:24] [32minfo[39m: 	z2m: BathroomPIREntrance (0xa4c13830b44b8775): ZG-204ZV - HOBEIAN Millimeter wave motion detection (EndDevice)
[2026-09-02 10:43:24] [32minfo[39m: 	z2m: HallPIRAdvanced (0xa4c138b7eca277e9): ZP01 - Tuya Motion sensor (EndDevice)
[2026-09-02 10:43:24] [32minfo[39m: 	z2m: HallPIRSensorBedroomAdvanced (0xa4c138da26407e17): ZG-204ZM - Tuya PIR 24Ghz human presence sensor (EndDevice)
[2026-09-02 10:43:24] [32minfo[39m: 	z2m: HallBreakerFA5 (0x94b216fffe9260f5): TO-Q-SY2-163JZT - Tongou Smart circuit breaker (Router)
[2026-09-02 10:43:24] [32minfo[39m: 	z2m: HallEntranceIlluminance (0xa4c1386c6faff53b): ZG-106Z - HOBEIAN Light intensity sensor (EndDevice)
[2026-09-02 10:43:24] [32minfo[39m: 	z2m: RestroomPIR (0xa4c138626fd5eda7): ZG-204Z - HOBEIAN Motion sensor (EndDevice)
[2026-09-02 10:43:24] [32minfo[39m: 	z2m: RestroomSwitch (0xc02cedfffec48f9d): ZBMINIR2 - SONOFF Zigbee smart switch (Router)
[2026-09-02 10:43:24] [32minfo[39m: 	z2m: BathroomSwitchRouter (0x04e3e5fffed39c39): ZBMINIR2 - SONOFF Zigbee smart switch (Router)
[2026-09-02 10:43:24] [32minfo[39m: 	z2m: buttBedroomEntranceUSB (0x8c8b48fffec9b5aa): E2213 - IKEA SOMRIG shortcut button (EndDevice)
[2026-09-02 10:43:24] [32minfo[39m: 	z2m: buttBedroomCabinetUSB (0x08fd52fffe2a01f4): E2201 - IKEA RODRET wireless dimmer/power switch (EndDevice)
[2026-09-02 10:43:24] [32minfo[39m: 	z2m: ButtHallShoesDimmer (0x8c8b48fffed271c7): E2201 - IKEA RODRET wireless dimmer/power switch (EndDevice)
[2026-09-02 10:43:24] [32minfo[39m: 	z2m: LivingRoomSocketTableRight (0xa4c13852d7bbc587): TS011F_plug_1_2 - BSEED Wall-mounted electrical EU/FR/UK socket with power monitoring (Router)
[2026-09-02 10:43:24] [32minfo[39m: 	z2m: WorkRoomPIREntrance (0xa4c1380e94d2ff82): ZG-204ZL - Tuya Luminance motion sensor (EndDevice)
[2026-09-02 10:43:24] [32minfo[39m: 	z2m: WorkroomTemp (0xa4c138267bfd0080): TH05Z - ONENUO Temperature & humidity sensor with clock and humidity display (EndDevice)
[2026-09-02 10:43:24] [32minfo[39m: 	z2m: BedroomTemp (0xa4c138d47dc9e412): TS0201 - Tuya Temperature & humidity sensor with display (EndDevice)
[2026-09-02 10:43:24] [32minfo[39m: 	z2m: buttLivingRoomTableSocketLeft (0x08fd52fffe0aa5a6): E2201 - IKEA RODRET wireless dimmer/power switch (EndDevice)
[2026-09-02 10:43:24] [32minfo[39m: 	z2m: HallBreakerFA3 (0x94b216fffe928d4a): TO-Q-SY2-163JZT - Tongou Smart circuit breaker (Router)
[2026-09-02 10:43:24] [32minfo[39m: 	z2m: BedroomCabinetHumidityTempL1 (0xa4c1383a4b55557a): TH01 - Zbeacon Temperature and humidity sensor (EndDevice)
[2026-09-02 10:43:24] [32minfo[39m: 	z2m: BedroomCabinetHumidityTempL2 (0xa4c13878175921dc): TH01 - Zbeacon Temperature and humidity sensor (EndDevice)
[2026-09-02 10:43:24] [32minfo[39m: 	z2m: BedroomCabinetHumidityTempL3 (0xa4c138bb0d75444c): TH01 - Zbeacon Temperature and humidity sensor (EndDevice)
[2026-09-02 10:43:24] [32minfo[39m: 	z2m: BedroomCabinetHumidityTempL4 (0xa4c138c8a9f237a5): TH01 - Zbeacon Temperature and humidity sensor (EndDevice)
[2026-09-02 10:43:24] [32minfo[39m: 	z2m: BedroomCabinetHumidityTempL0 (0xa4c138a67b88f8ac): TH01Z - Tuya Temperature and humidity sensor with clock (EndDevice)
[2026-09-02 10:43:24] [32minfo[39m: 	z2m: ButtLivingRoomCicleDimmer (0x348d13fffefffa53): E2201 - IKEA RODRET wireless dimmer/power switch (EndDevice)
[2026-09-02 10:43:24] [32minfo[39m: 	z2m: buttWorkRoomMainDimmer (0x08fd52fffe0b0ce1): E2201 - IKEA RODRET wireless dimmer/power switch (EndDevice)
[2026-09-02 10:43:24] [32minfo[39m: 	z2m: buttBedroomLightsHall (0x08fd52fffe0aa5ae): E2201 - IKEA RODRET wireless dimmer/power switch (EndDevice)
[2026-09-02 10:43:24] [32minfo[39m: 	z2m: WorkroomSocketCabinet (0xa4c138c5f07ee732): Not supported (Router)
[2026-09-02 10:43:24] [32minfo[39m: 	z2m: HallBreakerKitchenInduction (0xa4c138278695ef31): STB3L-125-ZJ - SUTON Zigbee DIN RCBO energy meter (Router)
[2026-09-02 10:43:24] [32minfo[39m: 	z2m: HallBereakerFA8 (0x94b216fffe774cc4): TO-Q-SY2-163JZT - Tongou Smart circuit breaker (Router)
[2026-09-02 10:43:24] [32minfo[39m: 	z2m: HallBreakerFA12 (0x94b216fffe897bfb): TO-Q-SY2-163JZT - Tongou Smart circuit breaker (Router)
[2026-09-02 10:43:24] [32minfo[39m: 	z2m: HallBreakerFAFI1 (0x94b216fffe943151): TO-Q-SY2-163JZT - Tongou Smart circuit breaker (Router)
[2026-09-02 10:43:24] [32minfo[39m: 	z2m: ButtLivingRoomLinearDimmer (0xecf64cfffead3b8c): E2201 - IKEA RODRET wireless dimmer/power switch (EndDevice)
[2026-09-02 10:43:24] [32minfo[39m: 	z2m: buttLivingRoomTableSocketLeftPrinter (0xf0fd45fffeef553b): E2201 - IKEA RODRET wireless dimmer/power switch (EndDevice)
[2026-09-02 10:43:24] [32minfo[39m: 	z2m: WorkRoomLedMainDimmer (0x385b44fffefc81c0): 50208702 - Sunricher LED dimmable driver (Router)
[2026-09-02 10:43:24] [32minfo[39m: 	z2m: HallBreakerFA7 (0xdc8e95fffe8aea30): TO-Q-SY2-163JZT - Tongou Smart circuit breaker (Router)
[2026-09-02 10:43:24] [32minfo[39m: 	z2m: buttLivingRoomKitchenTableBulbs (0xd44867fffe16b355): E2201 - IKEA RODRET wireless dimmer/power switch (EndDevice)
[2026-09-02 10:43:24] [32minfo[39m: 	z2m: buttLivingRoomLights (0xa4c13810ae3bffff): SNZB-01M - SONOFF Four-way wireless button (EndDevice)
[2026-09-02 10:43:24] [32minfo[39m: 	z2m: Currently 103 devices are joined.
[2026-09-02 10:43:24] [32minfo[39m: 	z2m: Connecting to MQTT server at mqtt://homeassistant:1883
[2026-09-02 10:43:24] [32minfo[39m: 	z2m: Connected to MQTT server
[2026-09-02 10:43:24] [32minfo[39m: 	z2m:mqtt: MQTT publish: topic 'zigbee2mqtt/bridge/state', payload '{"state":"online"}'
[2026-09-02 10:43:24] [32minfo[39m: 	z2m: Loaded external converter 'bseed_ts0726_v4.js'.
[2026-09-02 10:43:24] [32minfo[39m: 	z2m: Loaded external converter 'stb3l_125_zj_phase_fix.js'.
[2026-09-02 10:43:25] [32minfo[39m: 	z2m: Loaded external converter 'switch_custom.js'.
[2026-09-02 10:43:25] [32minfo[39m: 	z2m: Loaded external converter 'switch_custom.js'.
[2026-09-02 10:43:25] [32minfo[39m: 	z2m: Loaded external converter 'switch_custom.js'.
[2026-09-02 10:43:25] [32minfo[39m: 	z2m: Loaded external converter 'switch_custom.js'.
[2026-09-02 10:43:25] [32minfo[39m: 	z2m: Loaded external converter 'switch_custom.js'.
[2026-09-02 10:43:25] [32minfo[39m: 	z2m: Loaded external converter 'switch_custom.js'.
[2026-09-02 10:43:25] [32minfo[39m: 	z2m: Loaded external converter 'switch_custom.js'.
[2026-09-02 10:43:25] [32minfo[39m: 	z2m: Loaded external converter 'switch_custom.js'.
[2026-09-02 10:43:25] [32minfo[39m: 	z2m: Loaded external converter 'switch_custom.js'.
[2026-09-02 10:43:25] [32minfo[39m: 	z2m: Loaded external converter 'switch_custom.js'.
[2026-09-02 10:43:25] [32minfo[39m: 	z2m: Loaded external converter 'switch_custom.js'.
[2026-09-02 10:43:25] [32minfo[39m: 	z2m: Loaded external converter 'switch_custom.js'.
[2026-09-02 10:43:25] [32minfo[39m: 	z2m: Loaded external converter 'switch_custom.js'.
[2026-09-02 10:43:25] [32minfo[39m: 	z2m: Loaded external converter 'switch_custom.js'.
[2026-09-02 10:43:25] [32minfo[39m: 	z2m: Loaded external converter 'switch_custom.js'.
[2026-09-02 10:43:25] [32minfo[39m: 	z2m: Loaded external converter 'switch_custom.js'.
[2026-09-02 10:43:25] [32minfo[39m: 	z2m: Loaded external converter 'switch_custom.js'.
[2026-09-02 10:43:25] [32minfo[39m: 	z2m: Loaded external converter 'switch_custom.js'.
[2026-09-02 10:43:25] [32minfo[39m: 	z2m: Loaded external converter 'switch_custom.js'.
[2026-09-02 10:43:25] [32minfo[39m: 	z2m: Loaded external converter 'switch_custom.js'.
[2026-09-02 10:43:25] [32minfo[39m: 	z2m: Loaded external converter 'switch_custom.js'.
[2026-09-02 10:43:25] [32minfo[39m: 	z2m: Loaded external converter 'switch_custom.js'.
[2026-09-02 10:43:25] [32minfo[39m: 	z2m: Loaded external converter 'switch_custom.js'.
[2026-09-02 10:43:25] [32minfo[39m: 	z2m: Loaded external converter 'switch_custom.js'.
[2026-09-02 10:43:25] [32minfo[39m: 	z2m: Loaded external converter 'switch_custom.js'.
[2026-09-02 10:43:25] [32minfo[39m: 	z2m: Loaded external converter 'switch_custom.js'.
[2026-09-02 10:43:25] [32minfo[39m: 	z2m: Loaded external converter 'switch_custom.js'.
[2026-09-02 10:43:25] [32minfo[39m: 	z2m: Loaded external converter 'switch_custom.js'.
[2026-09-02 10:43:25] [32minfo[39m: 	z2m: Loaded external converter 'switch_custom.js'.
[2026-09-02 10:43:25] [32minfo[39m: 	z2m: Loaded external converter 'switch_custom.js'.
[2026-09-02 10:43:25] [32minfo[39m: 	z2m: Loaded external converter 'switch_custom.js'.
[2026-09-02 10:43:25] [32minfo[39m: 	z2m: Loaded external converter 'switch_custom.js'.
[2026-09-02 10:43:25] [32minfo[39m: 	z2m: Loaded external converter 'switch_custom.js'.
[2026-09-02 10:43:25] [32minfo[39m: 	z2m: Loaded external converter 'switch_custom.js'.
[2026-09-02 10:43:25] [32minfo[39m: 	z2m: Loaded external converter 'switch_custom.js'.
[2026-09-02 10:43:25] [32minfo[39m: 	z2m: Loaded external converter 'switch_custom.js'.
[2026-09-02 10:43:25] [32minfo[39m: 	z2m: Loaded external converter 'switch_custom.js'.
[2026-09-02 10:43:25] [32minfo[39m: 	z2m: Loaded external converter 'switch_custom.js'.
[2026-09-02 10:43:25] [32minfo[39m: 	z2m: Loaded external converter 'switch_custom.js'.
[2026-09-02 10:43:25] [32minfo[39m: 	z2m: Loaded external converter 'switch_custom.js'.
[2026-09-02 10:43:25] [32minfo[39m: 	z2m: Loaded external converter 'switch_custom.js'.
[2026-09-02 10:43:25] [32minfo[39m: 	z2m: Loaded external converter 'switch_custom.js'.
[2026-09-02 10:43:25] [32minfo[39m: 	z2m: Loaded external converter 'switch_custom.js'.
[2026-09-02 10:43:25] [32minfo[39m: 	z2m: Loaded external converter 'switch_custom.js'.
[2026-09-02 10:43:25] [32minfo[39m: 	z2m: Loaded external converter 'switch_custom.js'.
[2026-09-02 10:43:25] [32minfo[39m: 	z2m: Loaded external converter 'switch_custom.js'.
[2026-09-02 10:43:25] [32minfo[39m: 	z2m: Loaded external converter 'switch_custom.js'.
[2026-09-02 10:43:25] [32minfo[39m: 	z2m: Loaded external converter 'switch_custom.js'.
[2026-09-02 10:43:25] [32minfo[39m: 	z2m: Loaded external converter 'switch_custom.js'.
[2026-09-02 10:43:25] [32minfo[39m: 	z2m: Loaded external converter 'switch_custom.js'.
[2026-09-02 10:43:25] [32minfo[39m: 	z2m: Loaded external converter 'switch_custom.js'.
[2026-09-02 10:43:25] [32minfo[39m: 	z2m: Loaded external converter 'switch_custom.js'.
[2026-09-02 10:43:25] [32minfo[39m: 	z2m: Loaded external converter 'switch_custom.js'.
[2026-09-02 10:43:25] [32minfo[39m: 	z2m: Loaded external converter 'switch_custom.js'.
[2026-09-02 10:43:25] [32minfo[39m: 	z2m: Loaded external converter 'switch_custom.js'.
[2026-09-02 10:43:25] [32minfo[39m: 	z2m: Loaded external converter 'switch_custom.js'.
[2026-09-02 10:43:25] [32minfo[39m: 	z2m: Loaded external converter 'switch_custom.js'.
[2026-09-02 10:43:25] [32minfo[39m: 	z2m: Loaded external converter 'switch_custom.js'.
[2026-09-02 10:43:25] [32minfo[39m: 	z2m: Loaded external converter 'switch_custom.js'.
[2026-09-02 10:43:25] [32minfo[39m: 	z2m: Loaded external converter 'switch_custom.js'.
[2026-09-02 10:43:25] [32minfo[39m: 	z2m: Loaded external converter 'switch_custom.js'.
[2026-09-02 10:43:25] [32minfo[39m: 	z2m: Loaded external converter 'switch_custom.js'.
[2026-09-02 10:43:25] [32minfo[39m: 	z2m: Loaded external converter 'switch_custom.js'.
[2026-09-02 10:43:25] [32minfo[39m: 	z2m: Loaded external converter 'switch_custom.js'.
[2026-09-02 10:43:25] [32minfo[39m: 	z2m: Loaded external converter 'switch_custom.js'.
[2026-09-02 10:43:25] [32minfo[39m: 	z2m: Loaded external converter 'switch_custom.js'.
[2026-09-02 10:43:25] [32minfo[39m: 	z2m: Loaded external converter 'switch_custom.js'.
[2026-09-02 10:43:25] [32minfo[39m: 	z2m: Loaded external converter 'switch_custom.js'.
[2026-09-02 10:43:25] [32minfo[39m: 	z2m: Loaded external converter 'switch_custom.js'.
[2026-09-02 10:43:25] [32minfo[39m: 	z2m: Loaded external converter 'switch_custom.js'.
[2026-09-02 10:43:25] [32minfo[39m: 	z2m: Loaded external converter 'switch_custom.js'.
[2026-09-02 10:43:25] [32minfo[39m: 	z2m: Loaded external converter 'switch_custom.js'.
[2026-09-02 10:43:25] [32minfo[39m: 	z2m: Loaded external converter 'switch_custom.js'.
[2026-09-02 10:43:25] [32minfo[39m: 	z2m: Loaded external converter 'switch_custom.js'.
[2026-09-02 10:43:25] [32minfo[39m: 	z2m: Loaded external converter 'switch_custom.js'.
[2026-09-02 10:43:25] [32minfo[39m: 	z2m: Loaded external converter 'switch_custom.js'.
[2026-09-02 10:43:25] [32minfo[39m: 	z2m: Loaded external converter 'switch_custom.js'.
[2026-09-02 10:43:25] [32minfo[39m: 	z2m: Loaded external converter 'switch_custom.js'.
[2026-09-02 10:43:25] [32minfo[39m: 	z2m: Loaded external converter 'switch_custom.js'.
[2026-09-02 10:43:25] [32minfo[39m: 	z2m: Loaded external converter 'switch_custom.js'.
[2026-09-02 10:43:25] [32minfo[39m: 	z2m: Loaded external converter 'switch_custom.js'.
[2026-09-02 10:43:25] [32minfo[39m: 	z2m: Loaded external converter 'switch_custom.js'.
[2026-09-02 10:43:25] [32minfo[39m: 	z2m: Loaded external converter 'switch_custom.js'.
[2026-09-02 10:43:25] [32minfo[39m: 	z2m: Loaded external converter 'switch_custom.js'.
[2026-09-02 10:43:25] [32minfo[39m: 	z2m: Loaded external converter 'switch_custom.js'.
[2026-09-02 10:43:25] [32minfo[39m: 	z2m: Loaded external converter 'switch_custom.js'.
[2026-09-02 10:43:25] [32minfo[39m: 	z2m: Loaded external converter 'switch_custom.js'.
[2026-09-02 10:43:25] [32minfo[39m: 	z2m: Loaded external converter 'switch_custom.js'.
[2026-09-02 10:43:25] [32minfo[39m: 	z2m: Loaded external converter 'switch_custom.js'.
[2026-09-02 10:43:25] [32minfo[39m: 	z2m: Loaded external converter 'switch_custom.js'.
[2026-09-02 10:43:25] [32minfo[39m: 	z2m: Loaded external converter 'switch_custom.js'.
[2026-09-02 10:43:25] [32minfo[39m: 	z2m: Loaded external converter 'switch_custom.js'.
[2026-09-02 10:43:25] [32minfo[39m: 	z2m: Loaded external converter 'switch_custom.js'.
[2026-09-02 10:43:25] [32minfo[39m: 	z2m: Loaded external converter 'switch_custom.js'.
[2026-09-02 10:43:25] [32minfo[39m: 	z2m: Loaded external converter 'switch_custom.js'.
[2026-09-02 10:43:25] [32minfo[39m: 	z2m: Loaded external converter 'switch_custom.js'.
[2026-09-02 10:43:25] [32minfo[39m: 	z2m: Loaded external converter 'switch_custom.js'.
[2026-09-02 10:43:25] [32minfo[39m: 	z2m: Loaded external converter 'switch_custom.js'.
[2026-09-02 10:43:25] [32minfo[39m: 	z2m: Loaded external converter 'switch_custom.js'.
[2026-09-02 10:43:25] [32minfo[39m: 	z2m: Loaded external converter 'switch_custom.js'.
[2026-09-02 10:43:25] [32minfo[39m: 	z2m: Loaded external converter 'switch_custom.js'.
[2026-09-02 10:43:25] [32minfo[39m: 	z2m: Loaded external converter 'switch_custom.js'.
[2026-09-02 10:43:25] [32minfo[39m: 	z2m: Loaded external converter 'switch_custom.js'.
[2026-09-02 10:43:25] [32minfo[39m: 	z2m: Loaded external converter 'switch_custom.js'.
[2026-09-02 10:43:25] [32minfo[39m: 	z2m: Loaded external converter 'switch_custom.js'.
[2026-09-02 10:43:25] [32minfo[39m: 	z2m: Loaded external converter 'switch_custom.js'.
[2026-09-02 10:43:25] [32minfo[39m: 	z2m: Loaded external converter 'switch_custom.js'.
[2026-09-02 10:43:25] [32minfo[39m: 	z2m: Loaded external converter 'switch_custom.js'.
[2026-09-02 10:43:25] [32minfo[39m: 	z2m: Loaded external converter 'switch_custom.js'.
[2026-09-02 10:43:25] [32minfo[39m: 	z2m: Loaded external converter 'switch_custom.js'.
[2026-09-02 10:43:25] [32minfo[39m: 	z2m: Loaded external converter 'switch_custom.js'.
[2026-09-02 10:43:25] [32minfo[39m: 	z2m: Loaded external converter 'switch_custom.js'.
[2026-09-02 10:43:25] [32minfo[39m: 	z2m: Loaded external converter 'switch_custom.js'.
[2026-09-02 10:43:25] [32minfo[39m: 	z2m: Loaded external converter 'switch_custom.js'.
[2026-09-02 10:43:25] [32minfo[39m: 	z2m: Loaded external converter 'switch_custom.js'.
[2026-09-02 10:43:25] [32minfo[39m: 	z2m: Loaded external converter 'switch_custom.js'.
[2026-09-02 10:43:25] [32minfo[39m: 	z2m: Loaded external converter 'switch_custom.js'.
[2026-09-02 10:43:25] [32minfo[39m: 	z2m: Loaded external converter 'switch_custom.js'.
[2026-09-02 10:43:25] [32minfo[39m: 	z2m: Loaded external converter 'switch_custom.js'.
[2026-09-02 10:43:25] [32minfo[39m: 	z2m: Loaded external converter 'switch_custom.js'.
[2026-09-02 10:43:25] [32minfo[39m: 	z2m: Loaded external converter 'switch_custom.js'.
[2026-09-02 10:43:25] [32minfo[39m: 	z2m: Loaded external converter 'switch_custom.js'.
[2026-09-02 10:43:25] [32minfo[39m: 	z2m: Loaded external converter 'switch_custom.js'.
[2026-09-02 10:43:25] [32minfo[39m: 	z2m: Loaded external converter 'switch_custom.js'.
[2026-09-02 10:43:25] [32minfo[39m: 	z2m: Loaded external converter 'switch_custom.js'.
[2026-09-02 10:43:25] [32minfo[39m: 	z2m: Loaded external converter 'switch_custom.js'.
[2026-09-02 10:43:25] [32minfo[39m: 	z2m: Loaded external converter 'switch_custom.js'.
[2026-09-02 10:43:25] [32minfo[39m: 	z2m: Loaded external converter 'switch_custom.js'.
[2026-09-02 10:43:25] [32minfo[39m: 	z2m: Loaded external converter 'switch_custom.js'.
[2026-09-02 10:43:25] [32minfo[39m: 	z2m: Loaded external converter 'switch_custom.js'.
[2026-09-02 10:43:25] [32minfo[39m: 	z2m: Loaded external converter 'switch_custom.js'.
[2026-09-02 10:43:25] [32minfo[39m: 	z2m: Loaded external converter 'switch_custom.js'.
[2026-09-02 10:43:25] [32minfo[39m: 	z2m: Loaded external converter 'switch_custom.js'.
[2026-09-02 10:43:25] [32minfo[39m: 	z2m: Loaded external converter 'switch_custom.js'.
[2026-09-02 10:43:25] [32minfo[39m: 	z2m: Loaded external converter 'switch_custom.js'.
[2026-09-02 10:43:25] [32minfo[39m: 	z2m: Loaded external converter 'switch_custom.js'.
[2026-09-02 10:43:25] [32minfo[39m: 	z2m: Loaded external converter 'switch_custom.js'.
[2026-09-02 10:43:25] [32minfo[39m: 	z2m: Loaded external converter 'switch_custom.js'.
[2026-09-02 10:43:25] [32minfo[39m: 	z2m: Loaded external converter 'switch_custom.js'.
[2026-09-02 10:43:25] [32minfo[39m: 	z2m: Loaded external converter 'switch_custom.js'.
[2026-09-02 10:43:25] [32minfo[39m: 	z2m: Loaded external converter 'switch_custom.js'.
[2026-09-02 10:43:25] [32minfo[39m: 	z2m: Loaded external converter 'switch_custom.js'.
[2026-09-02 10:43:25] [32minfo[39m: 	z2m: Loaded external converter 'switch_custom.js'.
[2026-09-02 10:43:25] [32minfo[39m: 	z2m: Loaded external converter 'switch_custom.js'.
[2026-09-02 10:43:25] [32minfo[39m: 	z2m: Loaded external converter 'switch_custom.js'.
[2026-09-02 10:43:25] [32minfo[39m: 	z2m: Loaded external converter 'switch_custom.js'.
[2026-09-02 10:43:25] [32minfo[39m: 	z2m: Loaded external converter 'switch_custom.js'.
[2026-09-02 10:43:25] [32minfo[39m: 	z2m: Loaded external converter 'switch_custom.js'.
[2026-09-02 10:43:25] [32minfo[39m: 	z2m: Loaded external converter 'switch_custom.js'.
[2026-09-02 10:43:25] [32minfo[39m: 	z2m: Loaded external converter 'switch_custom.js'.
[2026-09-02 10:43:25] [32minfo[39m: 	z2m: Loaded external converter 'switch_custom.js'.
[2026-09-02 10:43:25] [32minfo[39m: 	z2m: Loaded external converter 'switch_custom.js'.
[2026-09-02 10:43:25] [32minfo[39m: 	z2m: Loaded external converter 'switch_custom.js'.
[2026-09-02 10:43:25] [32minfo[39m: 	z2m: Loaded external converter 'switch_custom.js'.
[2026-09-02 10:43:25] [32minfo[39m: 	z2m: Loaded external converter 'switch_custom.js'.
[2026-09-02 10:43:25] [32minfo[39m: 	z2m: Loaded external converter 'switch_custom.js'.
[2026-09-02 10:43:25] [32minfo[39m: 	z2m: Loaded external converter 'switch_custom.js'.
[2026-09-02 10:43:25] [32minfo[39m: 	z2m: Loaded external converter 'switch_custom.js'.
[2026-09-02 10:43:25] [32minfo[39m: 	z2m: Loaded external converter 'switch_custom.js'.
[2026-09-02 10:43:25] [32minfo[39m: 	z2m: Loaded external converter 'switch_custom.js'.
[2026-09-02 10:43:25] [32minfo[39m: 	z2m: Loaded external converter 'switch_custom.js'.
[2026-09-02 10:43:25] [32minfo[39m: 	z2m: Loaded external converter 'switch_custom.js'.
[2026-09-02 10:43:25] [32minfo[39m: 	z2m: Loaded external converter 'switch_custom.js'.
[2026-09-02 10:43:25] [32minfo[39m: 	z2m: Loaded external converter 'switch_custom.js'.
[2026-09-02 10:43:25] [32minfo[39m: 	z2m: Loaded external converter 'switch_custom.js'.
[2026-09-02 10:43:25] [32minfo[39m: 	z2m: Loaded external converter 'switch_custom.js'.
[2026-09-02 10:43:25] [32minfo[39m: 	z2m: Loaded external converter 'switch_custom.js'.
[2026-09-02 10:43:25] [32minfo[39m: 	z2m: Loaded external converter 'switch_custom.js'.
[2026-09-02 10:43:25] [32minfo[39m: 	z2m: Loaded external converter 'switch_custom.js'.
[2026-09-02 10:43:25] [32minfo[39m: 	z2m: Loaded external converter 'switch_custom.js'.
[2026-09-02 10:43:25] [32minfo[39m: 	z2m: Loaded external converter 'switch_custom.js'.
[2026-09-02 10:43:25] [32minfo[39m: 	z2m: Loaded external converter 'switch_custom.js'.
[2026-09-02 10:43:25] [32minfo[39m: 	z2m: Loaded external converter 'switch_custom.js'.
[2026-09-02 10:43:25] [32minfo[39m: 	z2m: Loaded external converter 'switch_custom.js'.
[2026-09-02 10:43:25] [32minfo[39m: 	z2m: Loaded external converter 'switch_custom.js'.
[2026-09-02 10:43:25] [32minfo[39m: 	z2m: Loaded external converter 'switch_custom.js'.
[2026-09-02 10:43:25] [32minfo[39m: 	z2m: Loaded external converter 'switch_custom.js'.
[2026-09-02 10:43:25] [32minfo[39m: 	z2m: Loaded external converter 'switch_custom.js'.
[2026-09-02 10:43:25] [32minfo[39m: 	z2m: Loaded external converter 'switch_custom.js'.
[2026-09-02 10:43:25] [32minfo[39m: 	z2m: Loaded external converter 'switch_custom.js'.
[2026-09-02 10:43:25] [32minfo[39m: 	z2m: Loaded external converter 'switch_custom.js'.
[2026-09-02 10:43:25] [32minfo[39m: 	z2m: Loaded external converter 'switch_custom.js'.
[2026-09-02 10:43:25] [32minfo[39m: 	z2m: Loaded external converter 'switch_custom.js'.
[2026-09-02 10:43:25] [32minfo[39m: 	z2m: Loaded external converter 'switch_custom.js'.
[2026-09-02 10:43:25] [32minfo[39m: 	z2m: Loaded external converter 'switch_custom.js'.
[2026-09-02 10:43:25] [32minfo[39m: 	z2m: Loaded external converter 'switch_custom.js'.
[2026-09-02 10:43:25] [32minfo[39m: 	z2m: Loaded external converter 'switch_custom.js'.
[2026-09-02 10:43:25] [32minfo[39m: 	z2m: Loaded external converter 'switch_custom.js'.
[2026-09-02 10:43:25] [32minfo[39m: 	z2m: Loaded external converter 'switch_custom.js'.
[2026-09-02 10:43:25] [32minfo[39m: 	z2m: Loaded external converter 'switch_custom.js'.
[2026-09-02 10:43:25] [32minfo[39m: 	z2m: Loaded external converter 'switch_custom.js'.
[2026-09-02 10:43:25] [32minfo[39m: 	z2m: Loaded external converter 'switch_custom.js'.
[2026-09-02 10:43:25] [32minfo[39m: 	z2m: Loaded external converter 'switch_custom.js'.
[2026-09-02 10:43:25] [32minfo[39m: 	z2m: Loaded external converter 'switch_custom.js'.
[2026-09-02 10:43:25] [32minfo[39m: 	z2m: Loaded external converter 'switch_custom.js'.
[2026-09-02 10:43:25] [32minfo[39m: 	z2m: Loaded external converter 'switch_custom.js'.
[2026-09-02 10:43:25] [32minfo[39m: 	z2m: Loaded external converter 'switch_custom.js'.
[2026-09-02 10:43:25] [32minfo[39m: 	z2m: Loaded external converter 'switch_custom.js'.
[2026-09-02 10:43:25] [32minfo[39m: 	z2m: Loaded external converter 'switch_custom.js'.
[2026-09-02 10:43:25] [32minfo[39m: 	z2m: Loaded external converter 'tuya_with_ota.js'.
[2026-09-02 10:43:25] [32minfo[39m: 	z2m: Loaded external converter 'tuya_with_ota.js'.
[2026-09-02 10:43:25] [32minfo[39m: 	z2m: Loaded external converter 'tuya_with_ota.js'.
[2026-09-02 10:43:25] [32minfo[39m: 	z2m: Loaded external converter 'tuya_with_ota.js'.
[2026-09-02 10:43:25] [32minfo[39m: 	z2m: Loaded external converter 'tuya_with_ota.js'.
[2026-09-02 10:43:25] [32minfo[39m: 	z2m: Loaded external converter 'tuya_with_ota.js'.
[2026-09-02 10:43:25] [32minfo[39m: 	z2m: Loaded external converter 'tuya_with_ota.js'.
[2026-09-02 10:43:25] [32minfo[39m: 	z2m: Loaded external converter 'tuya_with_ota.js'.
[2026-09-02 10:43:25] [32minfo[39m: 	z2m: Loaded external converter 'tuya_with_ota.js'.
[2026-09-02 10:43:25] [32minfo[39m: 	z2m: Loaded external converter 'tuya_with_ota.js'.
[2026-09-02 10:43:25] [32minfo[39m: 	z2m: Loaded external converter 'tuya_with_ota.js'.
[2026-09-02 10:43:25] [32minfo[39m: 	z2m: Loaded external converter 'tuya_with_ota.js'.
[2026-09-02 10:43:25] [32minfo[39m: 	z2m: Loaded external converter 'tuya_with_ota.js'.
[2026-09-02 10:43:25] [32minfo[39m: 	z2m: Loaded external converter 'tuya_with_ota.js'.
[2026-09-02 10:43:25] [32minfo[39m: 	z2m: Loaded external converter 'tuya_with_ota.js'.
[2026-09-02 10:43:25] [32minfo[39m: 	z2m: Loaded external converter 'tuya_with_ota.js'.
[2026-09-02 10:43:25] [32minfo[39m: 	z2m: Loaded external converter 'tuya_with_ota.js'.
[2026-09-02 10:43:25] [32minfo[39m: 	z2m: Loaded external converter 'tuya_with_ota.js'.
[2026-09-02 10:43:25] [32minfo[39m: 	z2m: Loaded external converter 'tuya_with_ota.js'.
[2026-09-02 10:43:25] [32minfo[39m: 	z2m: Loaded external converter 'tuya_with_ota.js'.
[2026-09-02 10:43:25] [32minfo[39m: 	z2m: Loaded external converter 'tuya_with_ota.js'.
[2026-09-02 10:43:25] [32minfo[39m: 	z2m: Loaded external converter 'tuya_with_ota.js'.
[2026-09-02 10:43:25] [32minfo[39m: 	z2m: Loaded external converter 'tuya_with_ota.js'.
[2026-09-02 10:43:25] [32minfo[39m: 	z2m: Loaded external converter 'tuya_with_ota.js'.
[2026-09-02 10:43:25] [32minfo[39m: 	z2m: Loaded external converter 'tuya_with_ota.js'.
[2026-09-02 10:43:25] [32minfo[39m: 	z2m: Loaded external converter 'tuya_with_ota.js'.
[2026-09-02 10:43:25] [32minfo[39m: 	z2m: Loaded external converter 'tuya_with_ota.js'.
[2026-09-02 10:43:25] [32minfo[39m: 	z2m: Loaded external converter 'tuya_with_ota.js'.
[2026-09-02 10:43:25] [32minfo[39m: 	z2m: Loaded external converter 'tuya_with_ota.js'.
[2026-09-02 10:43:25] [32minfo[39m: 	z2m: Loaded external converter 'tuya_with_ota.js'.
[2026-09-02 10:43:25] [32minfo[39m: 	z2m: Loaded external converter 'tuya_with_ota.js'.
[2026-09-02 10:43:25] [32minfo[39m: 	z2m: Loaded external converter 'tuya_with_ota.js'.
[2026-09-02 10:43:25] [32minfo[39m: 	z2m: Loaded external converter 'tuya_with_ota.js'.
[2026-09-02 10:43:25] [32minfo[39m: 	z2m: Loaded external converter 'tuya_with_ota.js'.
[2026-09-02 10:43:25] [32minfo[39m: 	z2m: Loaded external converter 'tuya_with_ota.js'.
[2026-09-02 10:43:25] [32minfo[39m: 	z2m: Loaded external converter 'tuya_with_ota.js'.
[2026-09-02 10:43:25] [32minfo[39m: 	z2m: Loaded external converter 'tuya_with_ota.js'.
[2026-09-02 10:43:25] [32minfo[39m: 	z2m: Loaded external converter 'tuya_with_ota.js'.
[2026-09-02 10:43:25] [32minfo[39m: 	z2m: Loaded external converter 'tuya_with_ota.js'.
[2026-09-02 10:43:25] [32minfo[39m: 	z2m: Loaded external converter 'tuya_with_ota.js'.
[2026-09-02 10:43:25] [32minfo[39m: 	z2m: Loaded external converter 'tuya_with_ota.js'.
[2026-09-02 10:43:25] [32minfo[39m: 	z2m: Loaded external converter 'tuya_with_ota.js'.
[2026-09-02 10:43:25] [32minfo[39m: 	z2m: Loaded external converter 'tuya_with_ota.js'.
[2026-09-02 10:43:25] [32minfo[39m: 	z2m:mqtt: MQTT publish: topic 'zigbee2mqtt/LivingRoomSocketWifiRight/availability', payload '{"state":"online"}'
[2026-09-02 10:43:25] [32minfo[39m: 	z2m:mqtt: MQTT publish: topic 'zigbee2mqtt/LivingRoomSocketWifiLeft/availability', payload '{"state":"online"}'
[2026-09-02 10:43:25] [32minfo[39m: 	z2m:mqtt: MQTT publish: topic 'zigbee2mqtt/HallBreakerMain/availability', payload '{"state":"online"}'
[2026-09-02 10:43:25] [32minfo[39m: 	z2m:mqtt: MQTT publish: topic 'zigbee2mqtt/HallBreakerMain', payload '{"current_a":0,"current_b":1.234,"current_c":0,"device":{"applicationVersion":74,"dateCode":"","friendlyName":"HallBreakerMain","hardwareVersion":1,"ieeeAddr":"0xa4c1381647fb6fe1","manufacturerID":4417,"manufacturerName":"_TZE204_wbhaespm","model":"ZXB3-125","networkAddress":23144,"powerSource":"Mains (single phase)","stackVersion":0,"type":"Router","zclVersion":3},"energy":758.31,"faults":[],"linkquality":80,"power_a":0,"power_b":143,"power_c":0,"state":"ON","temperature":25,"voltage_a":241.5,"voltage_b":240.7,"voltage_c":239.3}'
[2026-09-02 10:43:25] [32minfo[39m: 	z2m:mqtt: MQTT publish: topic 'zigbee2mqtt/LivingRoomSocketHA/availability', payload '{"state":"online"}'
[2026-09-02 10:43:25] [32minfo[39m: 	z2m:mqtt: MQTT publish: topic 'zigbee2mqtt/KitchenSocketLeft/availability', payload '{"state":"online"}'
[2026-09-02 10:43:25] [32minfo[39m: 	z2m:mqtt: MQTT publish: topic 'zigbee2mqtt/Sockets Supportive/availability', payload '{"state":"online"}'
[2026-09-02 10:43:25] [32minfo[39m: 	z2m:mqtt: MQTT publish: topic 'zigbee2mqtt/LivingRoomSocketTableLeft/availability', payload '{"state":"online"}'
[2026-09-02 10:43:25] [32minfo[39m: 	z2m:mqtt: MQTT publish: topic 'zigbee2mqtt/BedroomSocketWindowR/availability', payload '{"state":"online"}'
[2026-09-02 10:43:25] [32minfo[39m: 	z2m:mqtt: MQTT publish: topic 'zigbee2mqtt/BedroomSocketWindowR', payload '{"child_lock":"UNLOCK","countdown":0,"current":0,"device":{"applicationVersion":77,"dateCode":"","friendlyName":"BedroomSocketWindowR","hardwareVersion":1,"ieeeAddr":"0xa4c138aed67ea773","manufacturerID":4417,"manufacturerName":"_TZ3000_b28wrpvx","model":"TS011F_plug_1_2","networkAddress":57722,"powerSource":"Mains (single phase)","stackVersion":0,"type":"Router","zclVersion":3},"energy":0.31,"indicator_mode":"off/on","linkquality":136,"power":0,"power_outage_memory":"restore","state":"OFF","switch_type_button":"release","update":{"installed_version":-1,"latest_version":-1},"voltage":233}'
[2026-09-02 10:43:25] [32minfo[39m: 	z2m:mqtt: MQTT publish: topic 'zigbee2mqtt/Sockets Nonessential Shutdown/availability', payload '{"state":"online"}'
[2026-09-02 10:43:25] [32minfo[39m: 	z2m:mqtt: MQTT publish: topic 'zigbee2mqtt/KitchenSocketRight/availability', payload '{"state":"online"}'
[2026-09-02 10:43:25] [32minfo[39m: 	z2m:mqtt: MQTT publish: topic 'zigbee2mqtt/LivingRoomSocketEntrance/availability', payload '{"state":"online"}'
[2026-09-02 10:43:25] [32minfo[39m: 	z2m:mqtt: MQTT publish: topic 'zigbee2mqtt/HallCabinetPIR/availability', payload '{"state":"online"}'
[2026-09-02 10:43:25] [32minfo[39m: 	z2m:mqtt: MQTT publish: topic 'zigbee2mqtt/HallCabinetPIR', payload '{"battery":20,"device":{"applicationVersion":151,"dateCode":"29122025","friendlyName":"HallCabinetPIR","hardwareVersion":1,"ieeeAddr":"0xa4c1385bc54e54bf","manufacturerID":4742,"manufacturerName":"HOBEIAN","model":"ZG-204ZV","networkAddress":24977,"powerSource":"Battery","softwareBuildID":"0129122025","stackVersion":2,"type":"EndDevice","zclVersion":3},"humidity":56,"humidity_calibration":0,"illuminance":255,"indicator":"OFF","linkquality":92,"presence":false,"temperature":22.4,"temperature_calibration":0,"temperature_unit":"celsius"}'
[2026-09-02 10:43:25] [32minfo[39m: 	z2m:mqtt: MQTT publish: topic 'zigbee2mqtt/LivingRoomSocketHifiLeft/availability', payload '{"state":"online"}'
[2026-09-02 10:43:25] [32minfo[39m: 	z2m:mqtt: MQTT publish: topic 'zigbee2mqtt/LivingRoomSocketHifiRight/availability', payload '{"state":"online"}'
[2026-09-02 10:43:25] [32minfo[39m: 	z2m:mqtt: MQTT publish: topic 'zigbee2mqtt/KitchenSocketDishwasher/availability', payload '{"state":"online"}'
[2026-09-02 10:43:25] [32minfo[39m: 	z2m:mqtt: MQTT publish: topic 'zigbee2mqtt/KitchenSocketFridge/availability', payload '{"state":"online"}'
[2026-09-02 10:43:25] [32minfo[39m: 	z2m:mqtt: MQTT publish: topic 'zigbee2mqtt/HallBreakerFAFI2/availability', payload '{"state":"online"}'
[2026-09-02 10:43:25] [32minfo[39m: 	z2m:mqtt: MQTT publish: topic 'zigbee2mqtt/HallBreakerFAFI3/availability', payload '{"state":"online"}'
[2026-09-02 10:43:25] [32minfo[39m: 	z2m:mqtt: MQTT publish: topic 'zigbee2mqtt/HallBulb1/availability', payload '{"state":"online"}'
[2026-09-02 10:43:25] [32minfo[39m: 	z2m:mqtt: MQTT publish: topic 'zigbee2mqtt/HallBulb2/availability', payload '{"state":"online"}'
[2026-09-02 10:43:25] [32minfo[39m: 	z2m:mqtt: MQTT publish: topic 'zigbee2mqtt/LivingRoomCircleLightDimmer/availability', payload '{"state":"offline"}'
[2026-09-02 10:43:25] [32minfo[39m: 	z2m:mqtt: MQTT publish: topic 'zigbee2mqtt/HallBulb3/availability', payload '{"state":"online"}'
[2026-09-02 10:43:25] [32minfo[39m: 	z2m:mqtt: MQTT publish: topic 'zigbee2mqtt/DoorSensor/availability', payload '{"state":"online"}'
[2026-09-02 10:43:25] [32minfo[39m: 	z2m:mqtt: MQTT publish: topic 'zigbee2mqtt/HallPIRSensorEntrance/availability', payload '{"state":"online"}'
[2026-09-02 10:43:25] [32minfo[39m: 	z2m:mqtt: MQTT publish: topic 'zigbee2mqtt/HALLSocketMain/availability', payload '{"state":"online"}'
[2026-09-02 10:43:25] [32minfo[39m: 	z2m:mqtt: MQTT publish: topic 'zigbee2mqtt/HallSocketBedroom/availability', payload '{"state":"online"}'
[2026-09-02 10:43:25] [32minfo[39m: 	z2m:mqtt: MQTT publish: topic 'zigbee2mqtt/WRSocketWindowLeft/availability', payload '{"state":"online"}'
[2026-09-02 10:43:25] [32minfo[39m: 	z2m:mqtt: MQTT publish: topic 'zigbee2mqtt/WRSocketWindowRightL/availability', payload '{"state":"online"}'
[2026-09-02 10:43:25] [32minfo[39m: 	z2m:mqtt: MQTT publish: topic 'zigbee2mqtt/WRSocketWindowRightR/availability', payload '{"state":"online"}'
[2026-09-02 10:43:25] [32minfo[39m: 	z2m:mqtt: MQTT publish: topic 'zigbee2mqtt/BedroomSocketDoorR/availability', payload '{"state":"online"}'
[2026-09-02 10:43:25] [32minfo[39m: 	z2m:mqtt: MQTT publish: topic 'zigbee2mqtt/BedroomSocketDoorL/availability', payload '{"state":"online"}'
[2026-09-02 10:43:25] [32minfo[39m: 	z2m:mqtt: MQTT publish: topic 'zigbee2mqtt/BedroomSocketCabinetL/availability', payload '{"state":"online"}'
[2026-09-02 10:43:25] [32minfo[39m: 	z2m:mqtt: MQTT publish: topic 'zigbee2mqtt/BedroomSocketWindowL/availability', payload '{"state":"online"}'
[2026-09-02 10:43:25] [32minfo[39m: 	z2m:mqtt: MQTT publish: topic 'zigbee2mqtt/buttHallHAPower/availability', payload '{"state":"online"}'
[2026-09-02 10:43:25] [32minfo[39m: 	z2m:mqtt: MQTT publish: topic 'zigbee2mqtt/BedroomLightColors/availability', payload '{"state":"online"}'
[2026-09-02 10:43:25] [32minfo[39m: 	z2m:mqtt: MQTT publish: topic 'zigbee2mqtt/buttWorkRoomTableLightsDimmer/availability', payload '{"state":"online"}'
[2026-09-02 10:43:25] [32minfo[39m: 	z2m:mqtt: MQTT publish: topic 'zigbee2mqtt/HallSmartDimmer/availability', payload '{"state":"online"}'
[2026-09-02 10:43:25] [32minfo[39m: 	z2m:mqtt: MQTT publish: topic 'zigbee2mqtt/BedroomBulb2/availability', payload '{"state":"offline"}'
[2026-09-02 10:43:25] [32minfo[39m: 	z2m:mqtt: MQTT publish: topic 'zigbee2mqtt/BedroomBulb1/availability', payload '{"state":"offline"}'
[2026-09-02 10:43:25] [32minfo[39m: 	z2m:mqtt: MQTT publish: topic 'zigbee2mqtt/BedroomBulb3/availability', payload '{"state":"offline"}'
[2026-09-02 10:43:25] [32minfo[39m: 	z2m:mqtt: MQTT publish: topic 'zigbee2mqtt/BedroomSocketBalcony/availability', payload '{"state":"online"}'
[2026-09-02 10:43:25] [32minfo[39m: 	z2m:mqtt: MQTT publish: topic 'zigbee2mqtt/WRSocketEntrance/availability', payload '{"state":"online"}'
[2026-09-02 10:43:25] [32minfo[39m: 	z2m:mqtt: MQTT publish: topic 'zigbee2mqtt/BedroomSocketCabinetRight/availability', payload '{"state":"online"}'
[2026-09-02 10:43:25] [32minfo[39m: 	z2m:mqtt: MQTT publish: topic 'zigbee2mqtt/HallBedroomSwitchRouter/availability', payload '{"state":"online"}'
[2026-09-02 10:43:25] [32minfo[39m: 	z2m:mqtt: MQTT publish: topic 'zigbee2mqtt/ButtHallLightsDimmer/availability', payload '{"state":"online"}'
[2026-09-02 10:43:25] [32minfo[39m: 	z2m:mqtt: MQTT publish: topic 'zigbee2mqtt/LivingRoomLinearSwitchPower/availability', payload '{"state":"online"}'
[2026-09-02 10:43:25] [32minfo[39m: 	z2m:mqtt: MQTT publish: topic 'zigbee2mqtt/HallBreakerFA11/availability', payload '{"state":"online"}'
[2026-09-02 10:43:25] [32minfo[39m: 	z2m:mqtt: MQTT publish: topic 'zigbee2mqtt/LivingRoomMainDimmer/availability', payload '{"state":"online"}'
[2026-09-02 10:43:25] [32minfo[39m: 	z2m:mqtt: MQTT publish: topic 'zigbee2mqtt/HallMainSwitchAvatto/availability', payload '{"state":"online"}'
[2026-09-02 10:43:25] [32minfo[39m: 	z2m:mqtt: MQTT publish: topic 'zigbee2mqtt/LivingRoomPIRSensorVertical/availability', payload '{"state":"online"}'
[2026-09-02 10:43:25] [32minfo[39m: 	z2m:mqtt: MQTT publish: topic 'zigbee2mqtt/BedroomDimmer/availability', payload '{"state":"online"}'
[2026-09-02 10:43:25] [32minfo[39m: 	z2m:mqtt: MQTT publish: topic 'zigbee2mqtt/ButtHallDoor/availability', payload '{"state":"online"}'
[2026-09-02 10:43:25] [32minfo[39m: 	z2m:mqtt: MQTT publish: topic 'zigbee2mqtt/LivingRoomBulbTableLeft/availability', payload '{"state":"online"}'
[2026-09-02 10:43:25] [32minfo[39m: 	z2m:mqtt: MQTT publish: topic 'zigbee2mqtt/LivingRoomBulbTableMiddle/availability', payload '{"state":"online"}'
[2026-09-02 10:43:25] [32minfo[39m: 	z2m:mqtt: MQTT publish: topic 'zigbee2mqtt/LivingRoomBulbTableRight/availability', payload '{"state":"online"}'
[2026-09-02 10:43:25] [32minfo[39m: 	z2m:mqtt: MQTT publish: topic 'zigbee2mqtt/HallShoesLed/availability', payload '{"state":"online"}'
[2026-09-02 10:43:25] [32minfo[39m: 	z2m:mqtt: MQTT publish: topic 'zigbee2mqtt/WorkRoomMainSwitchDimmer/availability', payload '{"state":"online"}'
[2026-09-02 10:43:25] [32minfo[39m: 	z2m:mqtt: MQTT publish: topic 'zigbee2mqtt/BathroomPIR/availability', payload '{"state":"online"}'
[2026-09-02 10:43:25] [32minfo[39m: 	z2m:mqtt: MQTT publish: topic 'zigbee2mqtt/WorkRoomSwitchLedMain/availability', payload '{"state":"online"}'
[2026-09-02 10:43:25] [32minfo[39m: 	z2m:mqtt: MQTT publish: topic 'zigbee2mqtt/WorkroomSwitchLedsTable/availability', payload '{"state":"online"}'
[2026-09-02 10:43:25] [32minfo[39m: 	z2m:mqtt: MQTT publish: topic 'zigbee2mqtt/LivingRoomPIREntrance/availability', payload '{"state":"online"}'
[2026-09-02 10:43:25] [32minfo[39m: 	z2m:mqtt: MQTT publish: topic 'zigbee2mqtt/LivingRoomLinearDimmer/availability', payload '{"state":"online"}'
[2026-09-02 10:43:25] [32minfo[39m: 	z2m:mqtt: MQTT publish: topic 'zigbee2mqtt/WorkroomTableRightDimmer/availability', payload '{"state":"offline"}'
[2026-09-02 10:43:25] [32minfo[39m: 	z2m:mqtt: MQTT publish: topic 'zigbee2mqtt/WorkroomTableLeftDimmer/availability', payload '{"state":"offline"}'
[2026-09-02 10:43:25] [32minfo[39m: 	z2m:mqtt: MQTT publish: topic 'zigbee2mqtt/HallPIRSensorMain/availability', payload '{"state":"online"}'
[2026-09-02 10:43:25] [32minfo[39m: 	z2m:mqtt: MQTT publish: topic 'zigbee2mqtt/ButtBedroomCabinet/availability', payload '{"state":"online"}'
[2026-09-02 10:43:25] [32minfo[39m: 	z2m:mqtt: MQTT publish: topic 'zigbee2mqtt/OutdoorTerasaTemp/availability', payload '{"state":"online"}'
[2026-09-02 10:43:25] [32minfo[39m: 	z2m:mqtt: MQTT publish: topic 'zigbee2mqtt/BathroomTemp/availability', payload '{"state":"online"}'
[2026-09-02 10:43:25] [32minfo[39m: 	z2m:mqtt: MQTT publish: topic 'zigbee2mqtt/OutdoorBalconyTemp/availability', payload '{"state":"offline"}'
[2026-09-02 10:43:25] [32minfo[39m: 	z2m:mqtt: MQTT publish: topic 'zigbee2mqtt/BathroomPIREntrance/availability', payload '{"state":"online"}'
[2026-09-02 10:43:25] [32minfo[39m: 	z2m:mqtt: MQTT publish: topic 'zigbee2mqtt/HallPIRAdvanced/availability', payload '{"state":"online"}'
[2026-09-02 10:43:25] [32minfo[39m: 	z2m:mqtt: MQTT publish: topic 'zigbee2mqtt/HallPIRSensorBedroomAdvanced/availability', payload '{"state":"online"}'
[2026-09-02 10:43:25] [32minfo[39m: 	z2m:mqtt: MQTT publish: topic 'zigbee2mqtt/HallBreakerFA5/availability', payload '{"state":"online"}'
[2026-09-02 10:43:25] [32minfo[39m: 	z2m:mqtt: MQTT publish: topic 'zigbee2mqtt/HallEntranceIlluminance/availability', payload '{"state":"online"}'
[2026-09-02 10:43:25] [32minfo[39m: 	z2m:mqtt: MQTT publish: topic 'zigbee2mqtt/RestroomPIR/availability', payload '{"state":"online"}'
[2026-09-02 10:43:25] [32minfo[39m: 	z2m:mqtt: MQTT publish: topic 'zigbee2mqtt/RestroomSwitch/availability', payload '{"state":"offline"}'
[2026-09-02 10:43:25] [32minfo[39m: 	z2m:mqtt: MQTT publish: topic 'zigbee2mqtt/BathroomSwitchRouter/availability', payload '{"state":"online"}'
[2026-09-02 10:43:25] [32minfo[39m: 	z2m:mqtt: MQTT publish: topic 'zigbee2mqtt/buttBedroomEntranceUSB/availability', payload '{"state":"online"}'
[2026-09-02 10:43:25] [32minfo[39m: 	z2m:mqtt: MQTT publish: topic 'zigbee2mqtt/buttBedroomCabinetUSB/availability', payload '{"state":"online"}'
[2026-09-02 10:43:25] [32minfo[39m: 	z2m:mqtt: MQTT publish: topic 'zigbee2mqtt/ButtHallShoesDimmer/availability', payload '{"state":"online"}'
[2026-09-02 10:43:25] [32minfo[39m: 	z2m:mqtt: MQTT publish: topic 'zigbee2mqtt/LivingRoomSocketTableRight/availability', payload '{"state":"online"}'
[2026-09-02 10:43:25] [32minfo[39m: 	z2m:mqtt: MQTT publish: topic 'zigbee2mqtt/WorkRoomPIREntrance/availability', payload '{"state":"online"}'
[2026-09-02 10:43:25] [32minfo[39m: 	z2m:mqtt: MQTT publish: topic 'zigbee2mqtt/WorkroomTemp/availability', payload '{"state":"online"}'
[2026-09-02 10:43:25] [32minfo[39m: 	z2m:mqtt: MQTT publish: topic 'zigbee2mqtt/BedroomTemp/availability', payload '{"state":"online"}'
[2026-09-02 10:43:25] [32minfo[39m: 	z2m:mqtt: MQTT publish: topic 'zigbee2mqtt/buttLivingRoomTableSocketLeft/availability', payload '{"state":"online"}'
[2026-09-02 10:43:25] [32minfo[39m: 	z2m:mqtt: MQTT publish: topic 'zigbee2mqtt/HallBreakerFA3/availability', payload '{"state":"online"}'
[2026-09-02 10:43:25] [32minfo[39m: 	z2m:mqtt: MQTT publish: topic 'zigbee2mqtt/BedroomCabinetHumidityTempL1/availability', payload '{"state":"online"}'
[2026-09-02 10:43:25] [32minfo[39m: 	z2m:mqtt: MQTT publish: topic 'zigbee2mqtt/BedroomCabinetHumidityTempL2/availability', payload '{"state":"online"}'
[2026-09-02 10:43:25] [32minfo[39m: 	z2m:mqtt: MQTT publish: topic 'zigbee2mqtt/BedroomCabinetHumidityTempL3/availability', payload '{"state":"online"}'
[2026-09-02 10:43:25] [32minfo[39m: 	z2m:mqtt: MQTT publish: topic 'zigbee2mqtt/BedroomCabinetHumidityTempL4/availability', payload '{"state":"online"}'
[2026-09-02 10:43:25] [32minfo[39m: 	z2m:mqtt: MQTT publish: topic 'zigbee2mqtt/BedroomCabinetHumidityTempL0/availability', payload '{"state":"online"}'
[2026-09-02 10:43:25] [32minfo[39m: 	z2m:mqtt: MQTT publish: topic 'zigbee2mqtt/ButtLivingRoomCicleDimmer/availability', payload '{"state":"online"}'
[2026-09-02 10:43:25] [32minfo[39m: 	z2m:mqtt: MQTT publish: topic 'zigbee2mqtt/buttWorkRoomMainDimmer/availability', payload '{"state":"online"}'
[2026-09-02 10:43:25] [32minfo[39m: 	z2m:mqtt: MQTT publish: topic 'zigbee2mqtt/buttBedroomLightsHall/availability', payload '{"state":"online"}'
[2026-09-02 10:43:25] [32minfo[39m: 	z2m:mqtt: MQTT publish: topic 'zigbee2mqtt/WorkroomSocketCabinet/availability', payload '{"state":"offline"}'
[2026-09-02 10:43:25] [32minfo[39m: 	z2m:mqtt: MQTT publish: topic 'zigbee2mqtt/HallBreakerKitchenInduction/availability', payload '{"state":"online"}'
[2026-09-02 10:43:25] [32minfo[39m: 	z2m:mqtt: MQTT publish: topic 'zigbee2mqtt/HallBereakerFA8/availability', payload '{"state":"online"}'
[2026-09-02 10:43:25] [32minfo[39m: 	z2m:mqtt: MQTT publish: topic 'zigbee2mqtt/HallBreakerFA12/availability', payload '{"state":"online"}'
[2026-09-02 10:43:25] [32minfo[39m: 	z2m:mqtt: MQTT publish: topic 'zigbee2mqtt/HallBreakerFAFI1/availability', payload '{"state":"online"}'
[2026-09-02 10:43:25] [32minfo[39m: 	z2m:mqtt: MQTT publish: topic 'zigbee2mqtt/ButtLivingRoomLinearDimmer/availability', payload '{"state":"online"}'
[2026-09-02 10:43:25] [32minfo[39m: 	z2m:mqtt: MQTT publish: topic 'zigbee2mqtt/buttLivingRoomTableSocketLeftPrinter/availability', payload '{"state":"online"}'
[2026-09-02 10:43:25] [32minfo[39m: 	z2m:mqtt: MQTT publish: topic 'zigbee2mqtt/WorkRoomLedMainDimmer/availability', payload '{"state":"online"}'
[2026-09-02 10:43:25] [32minfo[39m: 	z2m:mqtt: MQTT publish: topic 'zigbee2mqtt/HallBreakerFA7/availability', payload '{"state":"online"}'
[2026-09-02 10:43:25] [32minfo[39m: 	z2m:mqtt: MQTT publish: topic 'zigbee2mqtt/buttLivingRoomKitchenTableBulbs/availability', payload '{"state":"online"}'
[2026-09-02 10:43:25] [32minfo[39m: 	z2m:mqtt: MQTT publish: topic 'zigbee2mqtt/buttLivingRoomLights/availability', payload '{"state":"online"}'
[2026-09-02 10:43:25] [32minfo[39m: 	z2m:mqtt: MQTT publish: topic 'zigbee2mqtt/Sockets Critical/availability', payload '{"state":"online"}'
[2026-09-02 10:43:25] [32minfo[39m: 	z2m:mqtt: MQTT publish: topic 'zigbee2mqtt/Breakers/availability', payload '{"state":"online"}'
[2026-09-02 10:43:25] [32minfo[39m: 	z2m:mqtt: MQTT publish: topic 'zigbee2mqtt/Lights Hall/availability', payload '{"state":"online"}'
[2026-09-02 10:43:25] [32minfo[39m: 	z2m:mqtt: MQTT publish: topic 'zigbee2mqtt/Group Ikea HA Switch Bind Essentials/availability', payload '{"state":"online"}'
[2026-09-02 10:43:25] [32minfo[39m: 	z2m:mqtt: MQTT publish: topic 'zigbee2mqtt/Lights Power Kitchen Living Room/availability', payload '{"state":"offline"}'
[2026-09-02 10:43:25] [32minfo[39m: 	z2m:mqtt: MQTT publish: topic 'zigbee2mqtt/Lights  All/availability', payload '{"state":"online"}'
[2026-09-02 10:43:25] [32minfo[39m: 	z2m:mqtt: MQTT publish: topic 'zigbee2mqtt/Living Room Lights Power/availability', payload '{"state":"offline"}'
[2026-09-02 10:43:25] [32minfo[39m: 	z2m:mqtt: MQTT publish: topic 'zigbee2mqtt/Living Room Circle /availability', payload '{"state":"offline"}'
[2026-09-02 10:43:25] [32minfo[39m: 	z2m:mqtt: MQTT publish: topic 'zigbee2mqtt/Kitchen Linear/availability', payload '{"state":"offline"}'
[2026-09-02 10:43:25] [32minfo[39m: 	z2m:mqtt: MQTT publish: topic 'zigbee2mqtt/Lights Hall Entrance/availability', payload '{"state":"online"}'
[2026-09-02 10:43:25] [32minfo[39m: 	z2m:mqtt: MQTT publish: topic 'zigbee2mqtt/Bedroom Lights/availability', payload '{"state":"offline"}'
[2026-09-02 10:43:25] [32minfo[39m: 	z2m:mqtt: MQTT publish: topic 'zigbee2mqtt/Kitchen Table Bulbs/availability', payload '{"state":"online"}'
[2026-09-02 10:43:25] [32minfo[39m: 	z2m:mqtt: MQTT publish: topic 'zigbee2mqtt/Lights Hall All/availability', payload '{"state":"online"}'
[2026-09-02 10:43:25] [32minfo[39m: 	z2m:mqtt: MQTT publish: topic 'zigbee2mqtt/Work Room Table Lights/availability', payload '{"state":"offline"}'
[2026-09-02 10:43:25] [32minfo[39m: 	z2m:mqtt: MQTT publish: topic 'zigbee2mqtt/Lights Bulbs Entrance/availability', payload '{"state":"online"}'
[2026-09-02 10:43:25] [32minfo[39m: 	z2m:mqtt: MQTT publish: topic 'zigbee2mqtt/LR LinearDimmerButtLeft/availability', payload '{"state":"online"}'
[2026-09-02 10:43:25] [32minfo[39m: 	z2m:mqtt: MQTT publish: topic 'zigbee2mqtt/LR KitchenBulbsDimmerButtMiddle/availability', payload '{"state":"online"}'
[2026-09-02 10:43:25] [32minfo[39m: 	z2m:mqtt: MQTT publish: topic 'zigbee2mqtt/LR KitchenBulbsAndLinear/availability', payload '{"state":"online"}'
[2026-09-02 10:43:25] [32minfo[39m: 	z2m:mqtt: MQTT publish: topic 'zigbee2mqtt/LR Circle/availability', payload '{"state":"online"}'
[2026-09-02 10:43:25] [32minfo[39m: 	z2m: Started frontend on port 8099
[2026-09-02 10:43:25] [32minfo[39m: 	z2m:mqtt: MQTT publish: topic 'zigbee2mqtt/LivingRoomSocketWifiRight', payload '{"child_lock":null,"countdown":0,"current":0.06,"device":{"applicationVersion":192,"dateCode":"","friendlyName":"LivingRoomSocketWifiRight","hardwareVersion":1,"ieeeAddr":"0xa4c138b5e090e7c0","manufacturerID":4417,"manufacturerName":"_TZ3000_b28wrpvx","model":"TS011F_plug_1_2","networkAddress":55724,"powerSource":"Mains (single phase)","stackVersion":0,"type":"Router","zclVersion":3},"energy":41.79,"identify":null,"indicator_mode":null,"linkquality":124,"power":7,"power_outage_memory":null,"state":"ON","switch_type_button":null,"update":{"installed_version":-1,"latest_version":-1,"state":null},"voltage":234}'
[2026-09-02 10:43:25] [32minfo[39m: 	z2m:mqtt: MQTT publish: topic 'zigbee2mqtt/LivingRoomSocketWifiLeft', payload '{"apparent_power":24,"current":0.1,"device":{"applicationVersion":3,"dateCode":"20260822","friendlyName":"LivingRoomSocketWifiLeft","hardwareVersion":0,"ieeeAddr":"0xa4c138ba60b92c5f","manufacturerID":4417,"manufacturerName":"b28wrpvx","model":"TS011F_plug_1_2","networkAddress":12047,"powerSource":"Mains (single phase)","softwareBuildID":"1.2.5-8b8cc492","stackVersion":2,"type":"Router","zclVersion":3},"device_config_switch":null,"energy":0.26,"linkquality":120,"multi_press_reset_count_switch":null,"network_led_switch":null,"overload_alarm_switch":"none","power":2,"power_factor":4,"power_on_behavior_relay":null,"reactive_power":23,"relay_indicator_mode_relay":null,"relay_indicator_relay":"ON","relay_physical_mode":null,"state_relay":"ON","switch_action_mode_switch":null,"switch_binded_mode_switch":null,"switch_level_move_rate_switch":null,"switch_long_press_duration_switch":null,"switch_mode_switch":null,"switch_press_action_switch":"released","switch_relay_index_switch":null,"switch_relay_mode_switch":null,"update":{"installed_version":302329856,"latest_release_notes":null,"latest_source":null,"latest_version":302329856,"state":"idle"},"voltage":245.06}'
[2026-09-02 10:43:25] [32minfo[39m: 	z2m:mqtt: MQTT publish: topic 'zigbee2mqtt/LivingRoomSocketHA', payload '{"child_lock":null,"countdown":null,"current":0.06,"device":{"applicationVersion":192,"dateCode":"","friendlyName":"LivingRoomSocketHA","hardwareVersion":1,"ieeeAddr":"0xa4c13812088a54ac","manufacturerID":4417,"manufacturerName":"_TZ3000_b28wrpvx","model":"TS011F_plug_1_2","networkAddress":38601,"powerSource":"Mains (single phase)","stackVersion":0,"type":"Router","zclVersion":3},"energy":35.39,"identify":null,"indicator_mode":null,"linkquality":180,"power":6,"power_outage_memory":null,"state":"ON","switch_type_button":null,"update":{"installed_version":-1,"latest_version":-1,"state":null},"voltage":233}'
[2026-09-02 10:43:25] [32minfo[39m: 	z2m:mqtt: MQTT publish: topic 'zigbee2mqtt/LivingRoomSocketTableLeft', payload '{"child_lock":null,"countdown":null,"current":0,"device":{"applicationVersion":192,"dateCode":"","friendlyName":"LivingRoomSocketTableLeft","hardwareVersion":1,"ieeeAddr":"0xa4c138cdf963eac3","manufacturerID":4417,"manufacturerName":"_TZ3000_b28wrpvx","model":"TS011F_plug_1_2","networkAddress":5376,"powerSource":"Mains (single phase)","stackVersion":0,"type":"Router","zclVersion":3},"energy":2.87,"identify":null,"indicator_mode":null,"linkquality":180,"power":0,"power_outage_memory":null,"state":"OFF","switch_type_button":null,"update":{"installed_version":-1,"latest_version":-1,"state":null},"voltage":233}'
[2026-09-02 10:43:25] [32minfo[39m: 	z2m:mqtt: MQTT publish: topic 'zigbee2mqtt/KitchenSocketLeft', payload '{"child_lock":null,"countdown":null,"current":0,"device":{"applicationVersion":192,"dateCode":"","friendlyName":"KitchenSocketLeft","hardwareVersion":1,"ieeeAddr":"0xa4c138241e3de538","manufacturerID":4417,"manufacturerName":"_TZ3000_b28wrpvx","model":"TS011F_plug_1_2","networkAddress":25066,"powerSource":"Mains (single phase)","stackVersion":0,"type":"Router","zclVersion":3},"energy":23.83,"identify":null,"indicator_mode":null,"linkquality":180,"power":0,"power_outage_memory":null,"state":"ON","switch_type_button":null,"update":{"installed_version":-1,"latest_version":-1,"state":null},"voltage":234}'
[2026-09-02 10:43:25] [32minfo[39m: 	z2m:mqtt: MQTT publish: topic 'zigbee2mqtt/KitchenSocketRight', payload '{"child_lock":null,"countdown":null,"current":0,"device":{"applicationVersion":192,"dateCode":"","friendlyName":"KitchenSocketRight","hardwareVersion":1,"ieeeAddr":"0xa4c138075cd16ed4","manufacturerID":4417,"manufacturerName":"_TZ3000_b28wrpvx","model":"TS011F_plug_1_2","networkAddress":18460,"powerSource":"Mains (single phase)","stackVersion":0,"type":"Router","zclVersion":3},"energy":11.6,"identify":null,"indicator_mode":null,"linkquality":180,"power":0,"power_outage_memory":null,"state":"ON","switch_type_button":null,"update":{"installed_version":-1,"latest_version":-1,"state":null},"voltage":234}'
[2026-09-02 10:43:25] [32minfo[39m: 	z2m:mqtt: MQTT publish: topic 'zigbee2mqtt/LivingRoomSocketEntrance', payload '{"child_lock":"UNLOCK","countdown":0,"current":0,"device":{"applicationVersion":192,"dateCode":"","friendlyName":"LivingRoomSocketEntrance","hardwareVersion":1,"ieeeAddr":"0xa4c13889b20f010e","manufacturerID":4417,"manufacturerName":"_TZ3000_b28wrpvx","model":"TS011F_plug_1_2","networkAddress":25021,"powerSource":"Mains (single phase)","stackVersion":0,"type":"Router","zclVersion":3},"energy":1.4,"identify":null,"indicator_mode":"off/on","linkquality":124,"power":0,"power_outage_memory":"restore","state":"OFF","switch_type_button":"release","update":{"installed_version":-1,"latest_version":-1,"state":null},"voltage":234}'
[2026-09-02 10:43:25] [32minfo[39m: 	z2m:mqtt: MQTT publish: topic 'zigbee2mqtt/LivingRoomSocketHifiLeft', payload '{"child_lock":null,"countdown":null,"current":0,"device":{"applicationVersion":192,"dateCode":"","friendlyName":"LivingRoomSocketHifiLeft","hardwareVersion":1,"ieeeAddr":"0xa4c138da1333dc70","manufacturerID":4417,"manufacturerName":"_TZ3000_b28wrpvx","model":"TS011F_plug_1_2","networkAddress":48277,"powerSource":"Mains (single phase)","stackVersion":0,"type":"Router","zclVersion":3},"energy":0.33,"identify":null,"indicator_mode":null,"linkquality":124,"power":0,"power_outage_memory":null,"state":"OFF","switch_type_button":null,"update":{"installed_version":-1,"latest_version":-1,"state":null},"voltage":234}'
[2026-09-02 10:43:25] [32minfo[39m: 	z2m:mqtt: MQTT publish: topic 'zigbee2mqtt/LivingRoomSocketHifiRight', payload '{"child_lock":null,"countdown":null,"current":0,"device":{"applicationVersion":192,"dateCode":"","friendlyName":"LivingRoomSocketHifiRight","hardwareVersion":1,"ieeeAddr":"0xa4c138eb22efaa91","manufacturerID":4417,"manufacturerName":"_TZ3000_b28wrpvx","model":"TS011F_plug_1_2","networkAddress":50834,"powerSource":"Mains (single phase)","stackVersion":0,"type":"Router","zclVersion":3},"energy":0,"identify":null,"indicator_mode":null,"linkquality":176,"power":0,"power_outage_memory":null,"state":"OFF","switch_type_button":null,"update":{"installed_version":-1,"latest_version":-1,"state":null},"voltage":234}'
[2026-09-02 10:43:25] [32minfo[39m: 	z2m:mqtt: MQTT publish: topic 'zigbee2mqtt/KitchenSocketDishwasher', payload '{"child_lock":"UNLOCK","countdown":0,"current":0,"device":{"applicationVersion":112,"friendlyName":"KitchenSocketDishwasher","hardwareVersion":0,"ieeeAddr":"0xa4c1382292dbe653","manufacturerID":4107,"manufacturerName":"_TZ3000_cehuw1lw","model":"TS011F_plug_3","networkAddress":4926,"powerSource":"Mains (single phase)","softwareBuildID":"1.0.5\u0000","stackVersion":2,"type":"Router","zclVersion":3},"energy":43.16,"indicator_mode":"off/on","linkquality":180,"power":0,"power_outage_memory":"restore","state":"ON","update":{"installed_version":-1,"latest_version":-1,"state":null},"voltage":236}'
[2026-09-02 10:43:25] [32minfo[39m: 	z2m:mqtt: MQTT publish: topic 'zigbee2mqtt/KitchenSocketFridge', payload '{"child_lock":"UNLOCK","countdown":0,"current":0.17,"device":{"applicationVersion":112,"friendlyName":"KitchenSocketFridge","hardwareVersion":0,"ieeeAddr":"0xa4c138460c83974f","manufacturerID":4107,"manufacturerName":"_TZ3000_cehuw1lw","model":"TS011F_plug_3","networkAddress":30791,"powerSource":"Mains (single phase)","softwareBuildID":"1.0.5\u0000","stackVersion":2,"type":"Router","zclVersion":3},"energy":88.92,"indicator_mode":"off/on","linkquality":100,"power":25,"power_outage_memory":"on","state":"ON","update":{"installed_version":-1,"latest_version":-1,"state":null},"voltage":237}'
[2026-09-02 10:43:25] [32minfo[39m: 	z2m:mqtt: MQTT publish: topic 'zigbee2mqtt/HallBreakerMain', payload '{"current_a":0,"current_b":1.234,"current_c":0,"device":{"applicationVersion":74,"dateCode":"","friendlyName":"HallBreakerMain","hardwareVersion":1,"ieeeAddr":"0xa4c1381647fb6fe1","manufacturerID":4417,"manufacturerName":"_TZE204_wbhaespm","model":"ZXB3-125","networkAddress":23144,"powerSource":"Mains (single phase)","stackVersion":0,"type":"Router","zclVersion":3},"energy":758.31,"faults":[],"high_temperature_breaker":null,"high_temperature_threshold":null,"insufficient_balance_breaker":null,"insufficient_balance_threshold":null,"leakage_breaker":null,"leakage_test":null,"leakage_threshold":null,"linkquality":96,"over_current_breaker":null,"over_current_threshold":null,"over_voltage_breaker":null,"over_voltage_threshold":null,"overload_breaker":null,"overload_threshold":null,"power_a":0,"power_b":143,"power_c":0,"state":"ON","temperature":25,"under_voltage_breaker":null,"under_voltage_threshold":null,"voltage_a":241.5,"voltage_b":240.7,"voltage_c":239.3}'
[2026-09-02 10:43:25] [32minfo[39m: 	z2m:mqtt: MQTT publish: topic 'zigbee2mqtt/HallBreakerFAFI2', payload '{"child_lock":null,"countdown":null,"current":null,"device":{"applicationVersion":69,"dateCode":"","friendlyName":"HallBreakerFAFI2","hardwareVersion":1,"ieeeAddr":"0x94b216fffe75de0a","manufacturerID":4098,"manufacturerName":"_TZ3000_cayepv1a","model":"TO-Q-SY2-163JZT","networkAddress":16286,"powerSource":"Mains (single phase)","stackVersion":0,"type":"Router","zclVersion":3},"energy":null,"indicator_mode":null,"linkquality":96,"over_current_breaker":null,"over_current_threshold":null,"over_voltage_breaker":null,"over_voltage_threshold":null,"power":null,"power_breaker":null,"power_outage_memory":null,"power_threshold":null,"state":"ON","temperature":null,"temperature_breaker":null,"temperature_threshold":null,"under_voltage_breaker":null,"under_voltage_threshold":null,"update":{"installed_version":-1,"latest_version":-1,"state":null},"voltage":null}'
[2026-09-02 10:43:25] [32minfo[39m: 	z2m:mqtt: MQTT publish: topic 'zigbee2mqtt/HallBreakerFAFI3', payload '{"child_lock":null,"countdown":null,"current":null,"device":{"applicationVersion":69,"dateCode":"","friendlyName":"HallBreakerFAFI3","hardwareVersion":1,"ieeeAddr":"0x94b216fffe776a41","manufacturerID":4098,"manufacturerName":"_TZ3000_cayepv1a","model":"TO-Q-SY2-163JZT","networkAddress":40983,"powerSource":"Mains (single phase)","stackVersion":0,"type":"Router","zclVersion":3},"energy":null,"indicator_mode":null,"linkquality":120,"over_current_breaker":null,"over_current_threshold":null,"over_voltage_breaker":null,"over_voltage_threshold":null,"power":null,"power_breaker":null,"power_outage_memory":null,"power_threshold":null,"state":"ON","temperature":null,"temperature_breaker":null,"temperature_threshold":null,"under_voltage_breaker":null,"under_voltage_threshold":null,"update":{"installed_version":-1,"latest_version":-1,"state":null},"voltage":null}'
[2026-09-02 10:43:25] [32minfo[39m: 	z2m:mqtt: MQTT publish: topic 'zigbee2mqtt/HallBulb1', payload '{"brightness":1,"color_mode":"color_temp","color_power_on_behavior":null,"color_temp":153,"device":{"applicationVersion":112,"friendlyName":"HallBulb1","hardwareVersion":0,"ieeeAddr":"0xa4c13861dd842a03","manufacturerID":4107,"manufacturerName":"_TZ3210_mja6r5ix","model":"TS0505B_1_1","networkAddress":25408,"powerSource":"Mains (single phase)","softwareBuildID":"z.1.0","stackVersion":2,"type":"Router","zclVersion":3},"do_not_disturb":null,"effect":null,"level_config":{"on_level":"previous"},"linkquality":84,"state":"OFF"}'
[2026-09-02 10:43:25] [32minfo[39m: 	z2m:mqtt: MQTT publish: topic 'zigbee2mqtt/HallBulb2', payload '{"brightness":1,"color_mode":"color_temp","color_power_on_behavior":null,"color_temp":153,"device":{"applicationVersion":112,"friendlyName":"HallBulb2","hardwareVersion":0,"ieeeAddr":"0xa4c13805fc0dacfb","manufacturerID":4107,"manufacturerName":"_TZ3210_mja6r5ix","model":"TS0505B_1_1","networkAddress":14302,"powerSource":"Mains (single phase)","softwareBuildID":"z.1.0","stackVersion":2,"type":"Router","zclVersion":3},"do_not_disturb":null,"effect":null,"linkquality":76,"state":"OFF"}'
[2026-09-02 10:43:25] [32minfo[39m: 	z2m:mqtt: MQTT publish: topic 'zigbee2mqtt/LivingRoomCircleLightDimmer', payload '{"brightness":137,"device":{"applicationVersion":1,"dateCode":"20240704","friendlyName":"LivingRoomCircleLightDimmer","hardwareVersion":2,"ieeeAddr":"0xa4c13850cfcdb3a4","manufacturerID":4687,"manufacturerName":"GLEDOPTO","model":"GL-SD-301P","networkAddress":52572,"powerSource":"Mains (single phase)","softwareBuildID":"20651203","stackVersion":2,"type":"Router","zclVersion":3},"effect":null,"linkquality":140,"power_on_behavior":null,"state":"OFF"}'
[2026-09-02 10:43:25] [32minfo[39m: 	z2m:mqtt: MQTT publish: topic 'zigbee2mqtt/HallBulb3', payload '{"brightness":128,"color_mode":"color_temp","color_power_on_behavior":null,"color_temp":153,"device":{"applicationVersion":112,"friendlyName":"HallBulb3","hardwareVersion":0,"ieeeAddr":"0xa4c138cec3e04283","manufacturerID":4107,"manufacturerName":"_TZ3210_mja6r5ix","model":"TS0505B_1_1","networkAddress":23818,"softwareBuildID":"z.1.0","stackVersion":2,"type":"Router","zclVersion":3},"do_not_disturb":null,"effect":null,"level_config":{"on_level":"previous"},"linkquality":116,"state":"OFF"}'
[2026-09-02 10:43:25] [32minfo[39m: 	z2m:mqtt: MQTT publish: topic 'zigbee2mqtt/DoorSensor', payload '{"battery":null,"battery_low":false,"contact":true,"device":{"applicationVersion":69,"dateCode":"","friendlyName":"DoorSensor","hardwareVersion":1,"ieeeAddr":"0xa4c1383043612ca4","manufacturerID":4417,"manufacturerName":"_TZ3000_6zvw8ham","model":"TS0203","networkAddress":62813,"powerSource":"Battery","stackVersion":0,"type":"EndDevice","zclVersion":3},"linkquality":104,"tamper":false,"voltage":null}'
[2026-09-02 10:43:25] [32minfo[39m: 	z2m:mqtt: MQTT publish: topic 'zigbee2mqtt/HallPIRSensorEntrance', payload '{"battery":100,"device":{"applicationVersion":145,"friendlyName":"HallPIRSensorEntrance","hardwareVersion":1,"ieeeAddr":"0xa4c138adb5fa215f","manufacturerID":4742,"manufacturerName":"_TZE200_3towulqd","model":"ZG-204ZL","networkAddress":19016,"powerSource":"Battery","softwareBuildID":"0122052017","stackVersion":2,"type":"EndDevice","zclVersion":3},"illuminance":1436,"illuminance_interval":60,"keep_time":"10","linkquality":136,"occupancy":false,"sensitivity":"high"}'
[2026-09-02 10:43:25] [32minfo[39m: 	z2m:mqtt: MQTT publish: topic 'zigbee2mqtt/HALLSocketMain', payload '{"child_lock":null,"countdown":null,"current":0,"device":{"applicationVersion":77,"dateCode":"","friendlyName":"HALLSocketMain","hardwareVersion":1,"ieeeAddr":"0xa4c138186a69b78c","manufacturerID":4417,"manufacturerName":"_TZ3000_b28wrpvx","model":"TS011F_plug_1_2","networkAddress":45061,"powerSource":"Mains (single phase)","stackVersion":0,"type":"Router","zclVersion":3},"energy":4.09,"identify":null,"indicator_mode":null,"linkquality":132,"power":0,"power_outage_memory":null,"state":"OFF","switch_type_button":null,"update":{"installed_version":-1,"latest_version":-1,"state":null},"voltage":234}'
[2026-09-02 10:43:25] [32minfo[39m: 	z2m:mqtt: MQTT publish: topic 'zigbee2mqtt/HallSocketBedroom', payload '{"child_lock":null,"countdown":null,"current":0,"device":{"applicationVersion":77,"dateCode":"","friendlyName":"HallSocketBedroom","hardwareVersion":1,"ieeeAddr":"0xa4c13873701cd36c","manufacturerID":4417,"manufacturerName":"_TZ3000_b28wrpvx","model":"TS011F_plug_1_2","networkAddress":57333,"powerSource":"Mains (single phase)","stackVersion":0,"type":"Router","zclVersion":3},"energy":9.77,"identify":null,"indicator_mode":null,"linkquality":124,"power":0,"power_outage_memory":null,"state":"OFF","switch_type_button":null,"update":{"installed_version":-1,"latest_version":-1,"state":null},"voltage":234}'
[2026-09-02 10:43:25] [32minfo[39m: 	z2m:mqtt: MQTT publish: topic 'zigbee2mqtt/WRSocketWindowLeft', payload '{"child_lock":null,"countdown":null,"current":0,"device":{"applicationVersion":77,"dateCode":"","friendlyName":"WRSocketWindowLeft","hardwareVersion":1,"ieeeAddr":"0xa4c138ef578c9f75","manufacturerID":4417,"manufacturerName":"_TZ3000_b28wrpvx","model":"TS011F_plug_1_2","networkAddress":23842,"powerSource":"Mains (single phase)","stackVersion":0,"type":"Router","zclVersion":3},"energy":1.37,"identify":null,"indicator_mode":null,"linkquality":144,"power":0,"power_outage_memory":null,"state":"OFF","switch_type_button":null,"update":{"installed_version":-1,"latest_version":-1,"state":null},"voltage":235}'
[2026-09-02 10:43:25] [32minfo[39m: 	z2m:mqtt: MQTT publish: topic 'zigbee2mqtt/WRSocketWindowRightL', payload '{"child_lock":null,"countdown":0,"current":0,"device":{"applicationVersion":77,"dateCode":"","friendlyName":"WRSocketWindowRightL","hardwareVersion":1,"ieeeAddr":"0xa4c138793505c5cc","manufacturerID":4417,"manufacturerName":"_TZ3000_b28wrpvx","model":"TS011F_plug_1_2","networkAddress":37186,"powerSource":"Mains (single phase)","stackVersion":0,"type":"Router","zclVersion":3},"energy":3.93,"identify":null,"indicator_mode":null,"linkquality":124,"power":0,"power_outage_memory":null,"state":"OFF","switch_type_button":null,"update":{"installed_version":-1,"latest_version":-1,"state":null},"voltage":234}'
[2026-09-02 10:43:25] [32minfo[39m: 	z2m:mqtt: MQTT publish: topic 'zigbee2mqtt/WRSocketWindowRightR', payload '{"child_lock":null,"countdown":null,"current":0,"device":{"applicationVersion":77,"dateCode":"","friendlyName":"WRSocketWindowRightR","hardwareVersion":1,"ieeeAddr":"0xa4c138278260973a","manufacturerID":4417,"manufacturerName":"_TZ3000_b28wrpvx","model":"TS011F_plug_1_2","networkAddress":15658,"powerSource":"Mains (single phase)","stackVersion":0,"type":"Router","zclVersion":3},"energy":1.56,"identify":null,"indicator_mode":null,"linkquality":124,"power":0,"power_outage_memory":null,"state":"OFF","switch_type_button":null,"update":{"installed_version":-1,"latest_version":-1,"state":null},"voltage":235}'
[2026-09-02 10:43:25] [32minfo[39m: 	z2m:mqtt: MQTT publish: topic 'zigbee2mqtt/BedroomSocketDoorR', payload '{"child_lock":null,"countdown":null,"current":0,"device":{"applicationVersion":77,"dateCode":"","friendlyName":"BedroomSocketDoorR","hardwareVersion":1,"ieeeAddr":"0xa4c1386e4892f726","manufacturerID":4417,"manufacturerName":"_TZ3000_b28wrpvx","model":"TS011F_plug_1_2","networkAddress":14498,"powerSource":"Mains (single phase)","stackVersion":0,"type":"Router","zclVersion":3},"energy":0.27,"identify":null,"indicator_mode":null,"linkquality":112,"power":0,"power_outage_memory":null,"state":"OFF","switch_type_button":null,"update":{"installed_version":-1,"latest_version":-1,"state":null},"voltage":235}'
[2026-09-02 10:43:25] [32minfo[39m: 	z2m:mqtt: MQTT publish: topic 'zigbee2mqtt/BedroomSocketDoorL', payload '{"child_lock":null,"countdown":null,"current":0,"device":{"applicationVersion":77,"dateCode":"","friendlyName":"BedroomSocketDoorL","hardwareVersion":1,"ieeeAddr":"0xa4c138054d265da2","manufacturerID":4417,"manufacturerName":"_TZ3000_b28wrpvx","model":"TS011F_plug_1_2","networkAddress":38433,"powerSource":"Mains (single phase)","stackVersion":0,"type":"Router","zclVersion":3},"energy":0.07,"identify":null,"indicator_mode":null,"linkquality":124,"power":0,"power_outage_memory":null,"state":"OFF","switch_type_button":null,"update":{"installed_version":-1,"latest_version":-1,"state":null},"voltage":234}'
[2026-09-02 10:43:25] [32minfo[39m: 	z2m:mqtt: MQTT publish: topic 'zigbee2mqtt/BedroomSocketCabinetL', payload '{"child_lock":null,"countdown":null,"current":0,"device":{"applicationVersion":77,"dateCode":"","friendlyName":"BedroomSocketCabinetL","hardwareVersion":1,"ieeeAddr":"0xa4c13837b0bc5952","manufacturerID":4417,"manufacturerName":"_TZ3000_b28wrpvx","model":"TS011F_plug_1_2","networkAddress":58910,"powerSource":"Mains (single phase)","stackVersion":0,"type":"Router","zclVersion":3},"energy":0.25,"identify":null,"indicator_mode":null,"linkquality":132,"power":0,"power_outage_memory":null,"state":"OFF","switch_type_button":null,"update":{"installed_version":-1,"latest_version":-1,"state":null},"voltage":233}'
[2026-09-02 10:43:25] [32minfo[39m: 	z2m:mqtt: MQTT publish: topic 'zigbee2mqtt/BedroomSocketWindowL', payload '{"child_lock":null,"countdown":null,"current":0,"device":{"applicationVersion":77,"dateCode":"","friendlyName":"BedroomSocketWindowL","hardwareVersion":1,"ieeeAddr":"0xa4c138e4befcb1d8","manufacturerID":4417,"manufacturerName":"_TZ3000_b28wrpvx","model":"TS011F_plug_1_2","networkAddress":28074,"powerSource":"Mains (single phase)","stackVersion":0,"type":"Router","zclVersion":3},"energy":0.13,"identify":null,"indicator_mode":null,"linkquality":120,"power":0,"power_outage_memory":null,"state":"OFF","switch_type_button":null,"update":{"installed_version":-1,"latest_version":-1,"state":null},"voltage":235}'
[2026-09-02 10:43:25] [32minfo[39m: 	z2m:mqtt: MQTT publish: topic 'zigbee2mqtt/BedroomSocketWindowR', payload '{"child_lock":"UNLOCK","countdown":0,"current":0,"device":{"applicationVersion":77,"dateCode":"","friendlyName":"BedroomSocketWindowR","hardwareVersion":1,"ieeeAddr":"0xa4c138aed67ea773","manufacturerID":4417,"manufacturerName":"_TZ3000_b28wrpvx","model":"TS011F_plug_1_2","networkAddress":57722,"powerSource":"Mains (single phase)","stackVersion":0,"type":"Router","zclVersion":3},"energy":0.31,"identify":null,"indicator_mode":"off/on","linkquality":136,"power":0,"power_outage_memory":"restore","state":"OFF","switch_type_button":"release","update":{"installed_version":-1,"latest_version":-1,"state":null},"voltage":233}'
[2026-09-02 10:43:25] [32minfo[39m: 	z2m:mqtt: MQTT publish: topic 'zigbee2mqtt/buttHallHAPower', payload '{"battery":null,"device":{"applicationVersion":1,"dateCode":"20240220","friendlyName":"buttHallHAPower","hardwareVersion":1,"ieeeAddr":"0x94a081fffef44a55","manufacturerID":4476,"manufacturerName":"IKEA of Sweden","model":"E2201","networkAddress":15887,"powerSource":"Battery","softwareBuildID":"1.0.57","stackVersion":114,"type":"EndDevice","zclVersion":8},"identify":null,"linkquality":null,"update":{"installed_version":16777303,"latest_release_notes":"https://ww8.ikea.com/ikeahomesmart/releasenotes/releasenotes.html","latest_source":"https://raw.githubusercontent.com/Koenkk/zigbee-OTA/master/images/IKEA/rodret-dimmer-soc_release_prod_v16777303_0a78457a-950c-4903-bfd1-67902aa66cf9.ota","latest_version":16777303,"state":"idle"},"voltage":null}'
[2026-09-02 10:43:25] [32minfo[39m: 	z2m:mqtt: MQTT publish: topic 'zigbee2mqtt/HallSmartDimmer', payload '{"battery":200,"device":{"applicationVersion":0,"dateCode":"NULL","friendlyName":"HallSmartDimmer","hardwareVersion":0,"ieeeAddr":"0xb4e3f9fffeec4e36","manufacturerID":4644,"manufacturerName":"Sunricher","model":"VES-ZB-WAL-012","networkAddress":43708,"powerSource":"Battery","softwareBuildID":"2.7.6_r27","stackVersion":0,"type":"EndDevice","zclVersion":3},"linkquality":112}'
[2026-09-02 10:43:25] [32minfo[39m: 	z2m:mqtt: MQTT publish: topic 'zigbee2mqtt/BedroomBulb1', payload '{"color_options":null,"device":{"applicationVersion":16,"dateCode":"20201111","friendlyName":"BedroomBulb1","hardwareVersion":1,"ieeeAddr":"0x6cfd22fffee99de5","manufacturerID":4476,"manufacturerName":"IKEA of Sweden","model":"LED2004G8","networkAddress":54257,"powerSource":"Mains (single phase)","softwareBuildID":"1.0.012","stackVersion":103,"type":"Router","zclVersion":3},"effect":null,"identify":null,"linkquality":null,"power_on_behavior":null,"state":"ON","update":{"installed_version":-1,"latest_version":-1,"state":null}}'
[2026-09-02 10:43:25] [32minfo[39m: 	z2m:mqtt: MQTT publish: topic 'zigbee2mqtt/BedroomBulb3', payload '{"color_options":null,"device":{"applicationVersion":16,"dateCode":"20201111","friendlyName":"BedroomBulb3","hardwareVersion":1,"ieeeAddr":"0x70c59cfffe6c80c3","manufacturerID":4476,"manufacturerName":"IKEA of Sweden","model":"LED2004G8","networkAddress":11327,"powerSource":"Mains (single phase)","softwareBuildID":"1.0.012","stackVersion":103,"type":"Router","zclVersion":3},"effect":null,"identify":null,"linkquality":88,"power_on_behavior":null,"state":"ON","update":{"installed_version":-1,"latest_version":-1,"state":null}}'
[2026-09-02 10:43:25] [32minfo[39m: 	z2m:mqtt: MQTT publish: topic 'zigbee2mqtt/BedroomSocketBalcony', payload '{"device":{"applicationVersion":3,"dateCode":"20260612","friendlyName":"BedroomSocketBalcony","hardwareVersion":0,"ieeeAddr":"0xa4c138ac993cc245","manufacturerID":4417,"manufacturerName":"o1jzcxou","model":"_TZ3000_o1jzcxou","networkAddress":39011,"powerSource":"Mains (single phase)","softwareBuildID":"1.1.2-8542fc05","stackVersion":2,"type":"Router","zclVersion":3},"device_config_switch":null,"linkquality":112,"multi_press_reset_count_switch":null,"network_led_switch":null,"power_on_behavior_relay":null,"relay_indicator_mode_relay":null,"relay_indicator_relay":"OFF","relay_physical_mode":null,"state_relay":null,"switch_action_mode_switch":null,"switch_binded_mode_switch":null,"switch_level_move_rate_switch":null,"switch_long_press_duration_switch":null,"switch_mode_switch":null,"switch_press_action_switch":null,"switch_relay_index_switch":null,"switch_relay_mode_switch":null,"update":{"installed_version":285356032,"latest_release_notes":null,"latest_source":null,"latest_version":285356032,"state":"idle"}}'
[2026-09-02 10:43:25] [32minfo[39m: 	z2m:mqtt: MQTT publish: topic 'zigbee2mqtt/WRSocketEntrance', payload '{"device":{"applicationVersion":3,"dateCode":"20260612","friendlyName":"WRSocketEntrance","hardwareVersion":0,"ieeeAddr":"0xa4c1387b13e9436d","manufacturerID":4417,"manufacturerName":"o1jzcxou","model":"_TZ3000_o1jzcxou","networkAddress":60915,"powerSource":"Mains (single phase)","softwareBuildID":"1.1.2-8542fc05","stackVersion":2,"type":"Router","zclVersion":3},"device_config_switch":null,"linkquality":148,"multi_press_reset_count_switch":null,"network_led_switch":null,"power_on_behavior_relay":null,"relay_indicator_mode_relay":null,"relay_indicator_relay":null,"relay_physical_mode":null,"state_relay":"OFF","switch_action_mode_switch":null,"switch_binded_mode_switch":null,"switch_level_move_rate_switch":null,"switch_long_press_duration_switch":null,"switch_mode_switch":null,"switch_press_action_switch":"released","switch_relay_index_switch":null,"switch_relay_mode_switch":null,"update":{"installed_version":285356032,"latest_release_notes":null,"latest_source":null,"latest_version":285356032,"state":"idle"}}'
[2026-09-02 10:43:25] [32minfo[39m: 	z2m:mqtt: MQTT publish: topic 'zigbee2mqtt/BedroomSocketCabinetRight', payload '{"device":{"applicationVersion":3,"dateCode":"20260309","friendlyName":"BedroomSocketCabinetRight","hardwareVersion":0,"ieeeAddr":"0xa4c13824a7005afb","manufacturerID":4417,"manufacturerName":"o1jzcxou","model":"_TZ3000_o1jzcxou","networkAddress":48023,"powerSource":"Mains (single phase)","softwareBuildID":"1.1.2-2289bf4d","stackVersion":2,"type":"Router","zclVersion":3},"device_config_switch":null,"linkquality":128,"multi_press_reset_count_switch":null,"network_led_switch":null,"power_on_behavior_relay":null,"relay_indicator_mode_relay":null,"relay_indicator_relay":"OFF","relay_physical_mode":null,"state_relay":"OFF","switch_action_mode_switch":null,"switch_binded_mode_switch":null,"switch_level_move_rate_switch":null,"switch_long_press_duration_switch":null,"switch_mode_switch":null,"switch_press_action_switch":"released","switch_relay_index_switch":null,"switch_relay_mode_switch":null,"update":{"installed_version":285356032,"latest_release_notes":null,"latest_source":null,"latest_version":285356032,"state":"idle"}}'
[2026-09-02 10:43:25] [32minfo[39m: 	z2m:mqtt: MQTT publish: topic 'zigbee2mqtt/HallBedroomSwitchRouter', payload '{"delayed_power_on_state":true,"delayed_power_on_time":2746,"detach_relay_mode":true,"device":{"applicationVersion":16,"dateCode":"20251127","friendlyName":"HallBedroomSwitchRouter","hardwareVersion":16,"ieeeAddr":"0xfc4d6afffe6e6b53","manufacturerID":4742,"manufacturerName":"SONOFF","model":"ZBMINIR2","networkAddress":16138,"powerSource":"Mains (single phase)","softwareBuildID":"1.0.8","type":"Router","zclVersion":3},"external_trigger_mode":"edge","linkquality":116,"network_indicator":null,"power_on_behavior":null,"state":"ON","turbo_mode":false,"update":{"installed_version":4104,"latest_release_notes":null,"latest_source":"https://raw.githubusercontent.com/Koenkk/zigbee-OTA/master/images/Sonoff/zbminir2_v1.0.8.ota","latest_version":4104,"state":"idle"}}'
[2026-09-02 10:43:25] [32minfo[39m: 	z2m:mqtt: MQTT publish: topic 'zigbee2mqtt/ButtHallLightsDimmer', payload '{"battery":null,"device":{"applicationVersion":1,"dateCode":"20240220","friendlyName":"ButtHallLightsDimmer","hardwareVersion":1,"ieeeAddr":"0xd44867fffefeab39","manufacturerID":4476,"manufacturerName":"IKEA of Sweden","model":"E2201","networkAddress":65249,"powerSource":"Battery","softwareBuildID":"1.0.57","stackVersion":114,"type":"EndDevice","zclVersion":8},"identify":null,"linkquality":136,"update":{"installed_version":-1,"latest_version":-1,"state":null},"voltage":null}'
[2026-09-02 10:43:25] [32minfo[39m: 	z2m:mqtt: MQTT publish: topic 'zigbee2mqtt/LivingRoomLinearSwitchPower', payload '{"delayed_power_on_state":false,"delayed_power_on_time":9,"detach_relay_mode":false,"device":{"applicationVersion":16,"dateCode":"20251127","friendlyName":"LivingRoomLinearSwitchPower","hardwareVersion":16,"ieeeAddr":"0x8c8b48fffe67c120","manufacturerID":4742,"manufacturerName":"SONOFF","model":"ZBMINIR2","networkAddress":46460,"powerSource":"Mains (single phase)","softwareBuildID":"1.0.8","type":"Router","zclVersion":3},"external_trigger_mode":"edge","linkquality":180,"network_indicator":false,"power_on_behavior":null,"state":"ON","turbo_mode":false,"update":{"installed_version":-1,"latest_version":-1,"state":null}}'
[2026-09-02 10:43:25] [32minfo[39m: 	z2m:mqtt: MQTT publish: topic 'zigbee2mqtt/HallBreakerFA11', payload '{"child_lock":null,"countdown":null,"current":null,"device":{"applicationVersion":69,"dateCode":"","friendlyName":"HallBreakerFA11","hardwareVersion":1,"ieeeAddr":"0x94b216fffe7734c9","manufacturerID":4098,"manufacturerName":"_TZ3000_cayepv1a","model":"TO-Q-SY2-163JZT","networkAddress":10571,"powerSource":"Mains (single phase)","stackVersion":0,"type":"Router","zclVersion":3},"energy":null,"indicator_mode":null,"linkquality":80,"over_current_breaker":null,"over_current_threshold":null,"over_voltage_breaker":null,"over_voltage_threshold":null,"power":null,"power_breaker":null,"power_outage_memory":null,"power_threshold":null,"state":"ON","temperature":null,"temperature_breaker":null,"temperature_threshold":null,"under_voltage_breaker":null,"under_voltage_threshold":null,"update":{"installed_version":-1,"latest_version":-1,"state":null},"voltage":null}'
[2026-09-02 10:43:25] [32minfo[39m: 	z2m:mqtt: MQTT publish: topic 'zigbee2mqtt/LivingRoomMainDimmer', payload '{"device":{"applicationVersion":3,"dateCode":"20260612","friendlyName":"LivingRoomMainDimmer","hardwareVersion":0,"ieeeAddr":"0xa4c13843a9d40f85","manufacturerID":4417,"manufacturerName":"iedhxgyi","model":"EC-GL86ZPCS31","networkAddress":24677,"powerSource":"Mains (single phase)","softwareBuildID":"1.1.2-8542fc05","stackVersion":2,"type":"Router","zclVersion":3},"device_config_switch_left":"iedhxgyi;TS0726-3-BS;LC4;SB1u;RC0;IC2;SB7u;RD7;IC3;SB4u;RD2;IB5;M;","linkquality":128,"multi_press_reset_count_switch_left":10,"network_led_switch_left":"ON","power_on_behavior_relay_left":"previous","power_on_behavior_relay_middle":"previous","power_on_behavior_relay_right":"previous","relay_left_indicator_mode_relay_left":"manual","relay_left_indicator_relay_left":"ON","relay_left_physical_mode":null,"relay_middle_indicator_mode_relay_middle":"manual","relay_middle_indicator_relay_middle":"ON","relay_middle_physical_mode":null,"relay_right_indicator_mode_relay_right":"same","relay_right_indicator_relay_right":"ON","relay_right_physical_mode":null,"state_relay_left":"OFF","state_relay_middle":"OFF","state_relay_right":"OFF","switch_left_action_mode_switch_left":"toggle_simple","switch_left_binded_mode_switch_left":"short_press","switch_left_level_move_rate_switch_left":42,"switch_left_long_press_duration_switch_left":783,"switch_left_mode_switch_left":"momentary","switch_left_press_action_switch_left":"released","switch_left_relay_index_switch_left":"relay_1","switch_left_relay_mode_switch_left":"short_press","switch_middle_action_mode_switch_middle":"toggle_simple","switch_middle_binded_mode_switch_middle":"short_press","switch_middle_level_move_rate_switch_middle":44,"switch_middle_long_press_duration_switch_middle":974,"switch_middle_mode_switch_middle":"momentary","switch_middle_press_action_switch_middle":"released","switch_middle_relay_index_switch_middle":"relay_2","switch_middle_relay_mode_switch_middle":"short_press","switch_right_action_mode_switch_right":"toggle_simple","switch_right_binded_mode_switch_right":"short_press","switch_right_level_move_rate_switch_right":50,"switch_right_long_press_duration_switch_right":829,"switch_right_mode_switch_right":"momentary","switch_right_press_action_switch_right":"released","switch_right_relay_index_switch_right":"relay_3","switch_right_relay_mode_switch_right":"short_press","update":{"installed_version":285356032,"latest_release_notes":null,"latest_source":null,"latest_version":285356032,"state":"idle"}}'
[2026-09-02 10:43:25] [32minfo[39m: 	z2m:mqtt: MQTT publish: topic 'zigbee2mqtt/HallMainSwitchAvatto', payload '{"device":{"applicationVersion":3,"dateCode":"20260612","friendlyName":"HallMainSwitchAvatto","hardwareVersion":0,"ieeeAddr":"0xa4c138f29eba8f49","manufacturerID":4417,"manufacturerName":"4rbqgcuv","model":"ZWSM16-1-Zigbee","networkAddress":57356,"powerSource":"Mains (single phase)","softwareBuildID":"1.1.2-8542fc05","stackVersion":2,"type":"Router","zclVersion":3},"device_config_switch":"4rbqgcuv;TS0001-AVB;BC2u;LD2i;SD3u;RC0;","linkquality":136,"multi_press_reset_count_switch":10,"network_led_switch":"ON","power_on_behavior_relay":"previous","relay_physical_mode":null,"state_relay":"ON","switch_action_mode_switch":null,"switch_binded_mode_switch":"short_press","switch_level_move_rate_switch":60,"switch_long_press_duration_switch":750,"switch_mode_switch":"momentary","switch_press_action_switch":"released","switch_relay_index_switch":null,"switch_relay_mode_switch":"detached","update":{"installed_version":285356032,"latest_release_notes":null,"latest_source":null,"latest_version":285356032,"state":"idle"}}'
[2026-09-02 10:43:25] [32minfo[39m: 	z2m:mqtt: MQTT publish: topic 'zigbee2mqtt/LivingRoomPIRSensorVertical', payload '{"battery":100,"device":{"applicationVersion":147,"dateCode":"-1541120","friendlyName":"LivingRoomPIRSensorVertical","hardwareVersion":1,"ieeeAddr":"0xa4c1380db190ca8b","manufacturerID":4742,"manufacturerName":"HOBEIAN","model":"ZG-204ZV","networkAddress":2459,"powerSource":"Battery","softwareBuildID":"01-1541120","stackVersion":2,"type":"EndDevice","zclVersion":3},"fading_time":10,"humidity":56,"humidity_calibration":0,"illuminance":1297,"illuminance_interval":1,"indicator":"ON","linkquality":100,"motion_detection_sensitivity":3,"presence":false,"temperature":22.4,"temperature_calibration":0,"temperature_unit":"celsius"}'
[2026-09-02 10:43:25] [32minfo[39m: 	z2m:mqtt: MQTT publish: topic 'zigbee2mqtt/BedroomDimmer', payload '{"device":{"applicationVersion":3,"dateCode":"20260309","friendlyName":"BedroomDimmer","hardwareVersion":0,"ieeeAddr":"0xa4c138f6936a1788","manufacturerID":4417,"manufacturerName":"jn2x20tg","model":"EC-GL86ZPCS11","networkAddress":40928,"powerSource":"Mains (single phase)","softwareBuildID":"1.1.2-2289bf4d","stackVersion":2,"type":"Router","zclVersion":3},"device_config_switch":null,"linkquality":124,"multi_press_reset_count_switch":null,"network_led_switch":null,"power_on_behavior_relay":null,"relay_indicator_mode_relay":null,"relay_indicator_relay":"OFF","relay_physical_mode":null,"state_relay":"OFF","switch_action_mode_switch":null,"switch_binded_mode_switch":null,"switch_level_move_rate_switch":null,"switch_long_press_duration_switch":null,"switch_mode_switch":null,"switch_press_action_switch":null,"switch_relay_index_switch":null,"switch_relay_mode_switch":null,"update":{"installed_version":285356032,"latest_release_notes":null,"latest_source":null,"latest_version":285356032,"state":"idle"}}'
[2026-09-02 10:43:25] [32minfo[39m: 	z2m:mqtt: MQTT publish: topic 'zigbee2mqtt/ButtHallDoor', payload '{"battery":100,"device":{"applicationVersion":2,"dateCode":"20241001","friendlyName":"ButtHallDoor","hardwareVersion":1,"ieeeAddr":"0x001788010ed4427c","manufacturerID":4107,"manufacturerName":"Signify Netherlands B.V.","model":"929002398602","networkAddress":60767,"powerSource":"Battery","softwareBuildID":"2.77.39","stackVersion":1,"type":"EndDevice","zclVersion":2},"linkquality":124,"update":{"installed_version":33574183,"latest_release_notes":null,"latest_source":"https://raw.githubusercontent.com/Koenkk/zigbee-OTA/master/images/Hue/100B-0119-02005501-Switch-EFR32MG22.zigbee","latest_version":33576193,"state":"idle"}}'
[2026-09-02 10:43:25] [32minfo[39m: 	z2m:mqtt: MQTT publish: topic 'zigbee2mqtt/LivingRoomBulbTableLeft', payload '{"brightness":50,"color":{"h":27,"hue":27,"s":92,"saturation":92,"x":0.5056,"y":0.4152},"color_mode":"color_temp","color_temp":454,"device":{"applicationVersion":25,"dateCode":"20250323","friendlyName":"LivingRoomBulbTableLeft","hardwareVersion":1,"ieeeAddr":"0xa4c138b9bda6dbcf","manufacturerID":4454,"manufacturerName":"innr","model":"RB 287 C","networkAddress":72,"powerSource":"Mains (single phase)","softwareBuildID":"1.9.33","stackVersion":54,"type":"Router","zclVersion":8},"effect":null,"linkquality":132,"power_on_behavior":null,"state":"OFF"}'
[2026-09-02 10:43:25] [32minfo[39m: 	z2m:mqtt: MQTT publish: topic 'zigbee2mqtt/LivingRoomBulbTableMiddle', payload '{"brightness":53,"color":{"h":27,"hue":27,"s":92,"saturation":92,"x":0.5056,"y":0.4152},"color_mode":"color_temp","color_temp":454,"device":{"applicationVersion":25,"dateCode":"20250323","friendlyName":"LivingRoomBulbTableMiddle","hardwareVersion":1,"ieeeAddr":"0xa4c1385c11d46ae5","manufacturerID":4454,"manufacturerName":"innr","model":"RB 287 C","networkAddress":46481,"powerSource":"Mains (single phase)","softwareBuildID":"1.9.33","stackVersion":54,"type":"Router","zclVersion":8},"effect":null,"linkquality":148,"power_on_behavior":null,"state":"OFF"}'
[2026-09-02 10:43:25] [32minfo[39m: 	z2m:mqtt: MQTT publish: topic 'zigbee2mqtt/LivingRoomBulbTableRight', payload '{"brightness":79,"color":{"h":25,"hue":25,"s":95,"saturation":95,"x":0.5267,"y":0.4133},"color_mode":"color_temp","color_temp":498,"device":{"applicationVersion":25,"dateCode":"20250323","friendlyName":"LivingRoomBulbTableRight","hardwareVersion":1,"ieeeAddr":"0xa4c138d6a7100473","manufacturerID":4454,"manufacturerName":"innr","model":"RB 287 C","networkAddress":42874,"powerSource":"Mains (single phase)","softwareBuildID":"1.9.33","stackVersion":54,"type":"Router","zclVersion":8},"effect":null,"linkquality":108,"power_on_behavior":null,"state":"OFF"}'
[2026-09-02 10:43:25] [32minfo[39m: 	z2m:mqtt: MQTT publish: topic 'zigbee2mqtt/HallShoesLed', payload '{"brightness":0,"color_mode":"color_temp","color_temp":158,"device":{"applicationVersion":1,"dateCode":"20240624","friendlyName":"HallShoesLed","hardwareVersion":2,"ieeeAddr":"0xa4c138105a8e4207","manufacturerID":4687,"manufacturerName":"GLEDOPTO","model":"GL-C-006P","networkAddress":22219,"powerSource":"Mains (single phase)","softwareBuildID":"20551203","stackVersion":2,"type":"Router","zclVersion":3},"effect":null,"identify":null,"linkquality":72,"power_on_behavior":null,"state":"OFF","update":{"installed_version":620834817,"latest_release_notes":null,"latest_source":null,"latest_version":620834817,"state":"idle"}}'
[2026-09-02 10:43:25] [32minfo[39m: 	z2m:mqtt: MQTT publish: topic 'zigbee2mqtt/WorkRoomMainSwitchDimmer', payload '{"device":{"applicationVersion":3,"dateCode":"20260612","friendlyName":"WorkRoomMainSwitchDimmer","hardwareVersion":0,"ieeeAddr":"0xa4c13803d7475156","manufacturerID":4417,"manufacturerName":"mtnpt6ws","model":"ZWSM16-2-Zigbee","networkAddress":31462,"powerSource":"Mains (single phase)","softwareBuildID":"1.1.2-8542fc05","stackVersion":2,"type":"Router","zclVersion":3},"device_config_switch_left":null,"linkquality":132,"multi_press_reset_count_switch_left":null,"network_led_switch_left":null,"power_on_behavior_relay_left":null,"power_on_behavior_relay_right":null,"relay_left_physical_mode":null,"relay_right_physical_mode":null,"state_relay_left":"OFF","state_relay_right":"OFF","switch_left_action_mode_switch_left":null,"switch_left_binded_mode_switch_left":null,"switch_left_level_move_rate_switch_left":null,"switch_left_long_press_duration_switch_left":null,"switch_left_mode_switch_left":null,"switch_left_press_action_switch_left":"released","switch_left_relay_index_switch_left":null,"switch_left_relay_mode_switch_left":null,"switch_right_action_mode_switch_right":null,"switch_right_binded_mode_switch_right":null,"switch_right_level_move_rate_switch_right":null,"switch_right_long_press_duration_switch_right":null,"switch_right_mode_switch_right":null,"switch_right_press_action_switch_right":"released","switch_right_relay_index_switch_right":null,"switch_right_relay_mode_switch_right":null,"update":{"installed_version":285356032,"latest_release_notes":null,"latest_source":null,"latest_version":285356032,"state":"idle"}}'
[2026-09-02 10:43:25] [32minfo[39m: 	z2m:mqtt: MQTT publish: topic 'zigbee2mqtt/BathroomPIR', payload '{"battery":100,"device":{"applicationVersion":145,"friendlyName":"BathroomPIR","hardwareVersion":1,"ieeeAddr":"0xa4c138c160b4890d","manufacturerID":4742,"manufacturerName":"_TZE200_bh3n6gk8","model":"ZG-204ZL","networkAddress":14038,"powerSource":"Battery","softwareBuildID":"0122052017","stackVersion":2,"type":"EndDevice","zclVersion":3},"illuminance":null,"illuminance_interval":null,"keep_time":null,"linkquality":100,"occupancy":false,"sensitivity":null}'
[2026-09-02 10:43:25] [32minfo[39m: 	z2m:mqtt: MQTT publish: topic 'zigbee2mqtt/WorkRoomSwitchLedMain', payload '{"device":{"applicationVersion":3,"dateCode":"20260612","friendlyName":"WorkRoomSwitchLedMain","hardwareVersion":0,"ieeeAddr":"0xa4c1381daa061e97","manufacturerID":4417,"manufacturerName":"4rbqgcuv","model":"ZWSM16-1-Zigbee","networkAddress":53774,"powerSource":"Mains (single phase)","softwareBuildID":"1.1.2-8542fc05","stackVersion":2,"type":"Router","zclVersion":3},"device_config_switch":"4rbqgcuv;TS0001-AVB;BC2u;LD2i;SD3u;RC0;","linkquality":108,"multi_press_reset_count_switch":10,"network_led_switch":"ON","power_on_behavior_relay":"previous","relay_physical_mode":null,"state_relay":"ON","switch_action_mode_switch":"toggle_simple","switch_binded_mode_switch":"press_start","switch_level_move_rate_switch":50,"switch_long_press_duration_switch":800,"switch_mode_switch":"toggle","switch_press_action_switch":"released","switch_relay_index_switch":"relay_1","switch_relay_mode_switch":"press_start","update":{"installed_version":285356032,"latest_release_notes":null,"latest_source":null,"latest_version":285356032,"state":"idle"}}'
[2026-09-02 10:43:25] [32minfo[39m: 	z2m:mqtt: MQTT publish: topic 'zigbee2mqtt/WorkroomSwitchLedsTable', payload '{"delayed_power_on_state":null,"delayed_power_on_time":null,"detach_relay_mode":null,"device":{"applicationVersion":16,"dateCode":"20251127","friendlyName":"WorkroomSwitchLedsTable","hardwareVersion":16,"ieeeAddr":"0x8c8b48fffe685a39","manufacturerID":4742,"manufacturerName":"SONOFF","model":"ZBMINIR2","networkAddress":40659,"powerSource":"Mains (single phase)","softwareBuildID":"1.0.8","type":"Router","zclVersion":3},"external_trigger_mode":"edge","linkquality":132,"network_indicator":null,"power_on_behavior":null,"state":"OFF","turbo_mode":null,"update":{"installed_version":-1,"latest_version":-1,"state":null}}'
[2026-09-02 10:43:25] [32minfo[39m: 	z2m:mqtt: MQTT publish: topic 'zigbee2mqtt/LivingRoomPIREntrance', payload '{"battery":100,"device":{"applicationVersion":145,"friendlyName":"LivingRoomPIREntrance","hardwareVersion":1,"ieeeAddr":"0xa4c1381b8b4eff23","manufacturerID":4742,"manufacturerName":"_TZE200_3towulqd","model":"ZG-204ZL","networkAddress":48812,"powerSource":"Battery","softwareBuildID":"0122052017","stackVersion":2,"type":"EndDevice","zclVersion":3},"illuminance":2689,"illuminance_interval":60,"keep_time":"10","linkquality":72,"occupancy":false,"sensitivity":"high"}'
[2026-09-02 10:43:25] [32minfo[39m: 	z2m:mqtt: MQTT publish: topic 'zigbee2mqtt/LivingRoomLinearDimmer', payload '{"brightness":32,"device":{"applicationVersion":1,"dateCode":"20250305","friendlyName":"LivingRoomLinearDimmer","hardwareVersion":2,"ieeeAddr":"0xa4c1388b709b209c","manufacturerID":4687,"manufacturerName":"GLEDOPTO","model":"GL-C-009P","networkAddress":30929,"powerSource":"Mains (single phase)","softwareBuildID":"20551203","stackVersion":2,"type":"Router","zclVersion":3},"effect":null,"identify":null,"linkquality":124,"power_on_behavior":null,"state":"OFF","update":{"installed_version":620834817,"latest_release_notes":null,"latest_source":null,"latest_version":620834817,"state":"idle"}}'
[2026-09-02 10:43:25] [32minfo[39m: 	z2m:mqtt: MQTT publish: topic 'zigbee2mqtt/WorkroomTableRightDimmer', payload '{"brightness":194,"device":{"applicationVersion":0,"dateCode":"NULL","friendlyName":"WorkroomTableRightDimmer","hardwareVersion":1,"ieeeAddr":"0x70ac08fffe48994a","manufacturerID":4107,"manufacturerName":"Sunricher","model":"50208702","networkAddress":8507,"powerSource":"Mains (single phase)","softwareBuildID":"2.9.2_r66","stackVersion":0,"type":"Router","zclVersion":3},"effect":null,"linkquality":140,"model":null,"power_on_behavior":null,"state":"ON"}'
[2026-09-02 10:43:25] [32minfo[39m: 	z2m:mqtt: MQTT publish: topic 'zigbee2mqtt/WorkroomTableLeftDimmer', payload '{"brightness":176,"device":{"applicationVersion":0,"dateCode":"NULL","friendlyName":"WorkroomTableLeftDimmer","hardwareVersion":1,"ieeeAddr":"0x70ac08fffe489643","manufacturerID":4107,"manufacturerName":"Sunricher","model":"50208702","networkAddress":17455,"powerSource":"Mains (single phase)","softwareBuildID":"2.9.2_r66","stackVersion":0,"type":"Router","zclVersion":3},"effect":null,"linkquality":112,"model":null,"power_on_behavior":null,"state":"ON"}'
[2026-09-02 10:43:25] [32minfo[39m: 	z2m:mqtt: MQTT publish: topic 'zigbee2mqtt/HallPIRSensorMain', payload '{"battery":100,"battery_low":false,"device":{"applicationVersion":75,"dateCode":"","friendlyName":"HallPIRSensorMain","hardwareVersion":1,"ieeeAddr":"0xa4c13812aebbdaa0","manufacturerID":4417,"manufacturerName":"_TZ3040_o4mkahkc","model":"ZP01","networkAddress":24729,"powerSource":"Battery","stackVersion":0,"type":"EndDevice","zclVersion":3},"linkquality":100,"occupancy":true,"tamper":false,"voltage":2900}'
[2026-09-02 10:43:25] [32minfo[39m: 	z2m:mqtt: MQTT publish: topic 'zigbee2mqtt/HallCabinetPIR', payload '{"battery":20,"device":{"applicationVersion":151,"dateCode":"29122025","friendlyName":"HallCabinetPIR","hardwareVersion":1,"ieeeAddr":"0xa4c1385bc54e54bf","manufacturerID":4742,"manufacturerName":"HOBEIAN","model":"ZG-204ZV","networkAddress":24977,"powerSource":"Battery","softwareBuildID":"0129122025","stackVersion":2,"type":"EndDevice","zclVersion":3},"fading_time":null,"humidity":56,"humidity_calibration":0,"illuminance":255,"illuminance_interval":null,"indicator":"OFF","linkquality":92,"motion_detection_sensitivity":null,"presence":false,"temperature":22.4,"temperature_calibration":0,"temperature_unit":"celsius"}'
[2026-09-02 10:43:25] [32minfo[39m: 	z2m:mqtt: MQTT publish: topic 'zigbee2mqtt/OutdoorTerasaTemp', payload '{"battery":100,"device":{"applicationVersion":113,"friendlyName":"OutdoorTerasaTemp","hardwareVersion":0,"ieeeAddr":"0xa4c138ff9d303f05","manufacturerID":4742,"manufacturerName":"_TZ3000_fllyghyj","model":"SNZB-02","networkAddress":57470,"powerSource":"Battery","softwareBuildID":"0122052017","stackVersion":2,"type":"EndDevice","zclVersion":3},"humidity":63.87,"linkquality":128,"temperature":22.83,"voltage":2900}'
[2026-09-02 10:43:25] [32minfo[39m: 	z2m:mqtt: MQTT publish: topic 'zigbee2mqtt/BathroomTemp', payload '{"battery":98,"device":{"applicationVersion":77,"dateCode":"","friendlyName":"BathroomTemp","hardwareVersion":1,"ieeeAddr":"0xa4c1384f030f8edb","manufacturerID":4417,"manufacturerName":"_TZE284_vvmbj46n","model":"ZTH05Z","networkAddress":26647,"powerSource":"Battery","stackVersion":0,"type":"EndDevice","zclVersion":3},"humidity":61,"humidity_alarm":"upper_alarm","humidity_periodic_report":120,"humidity_sensitivity":6,"linkquality":108,"max_humidity_alarm":60,"max_temperature_alarm":39,"min_humidity_alarm":20,"min_temperature_alarm":0,"temperature":23,"temperature_alarm":null,"temperature_periodic_report":120,"temperature_sensitivity":0.6,"temperature_unit":"celsius"}'
[2026-09-02 10:43:25] [32minfo[39m: 	z2m:mqtt: MQTT publish: topic 'zigbee2mqtt/BathroomPIREntrance', payload '{"battery":100,"device":{"applicationVersion":151,"dateCode":"29122025","friendlyName":"BathroomPIREntrance","hardwareVersion":1,"ieeeAddr":"0xa4c13830b44b8775","manufacturerID":4742,"manufacturerName":"HOBEIAN","model":"ZG-204ZV","networkAddress":52091,"powerSource":"Battery","softwareBuildID":"0129122025","stackVersion":2,"type":"EndDevice","zclVersion":3},"fading_time":30,"humidity":63,"humidity_calibration":0,"illuminance":0,"illuminance_interval":1,"indicator":"OFF","linkquality":96,"motion_detection_sensitivity":12,"presence":false,"temperature":23,"temperature_calibration":0,"temperature_unit":"celsius"}'
[2026-09-02 10:43:25] [32minfo[39m: 	z2m:mqtt: MQTT publish: topic 'zigbee2mqtt/HallPIRAdvanced', payload '{"battery":null,"battery_low":false,"device":{"friendlyName":"HallPIRAdvanced","ieeeAddr":"0xa4c138b7eca277e9","manufacturerID":4417,"manufacturerName":"_TZ3040_o4mkahkc","model":"ZP01","networkAddress":15748,"powerSource":"Battery","type":"EndDevice"},"linkquality":112,"occupancy":true,"tamper":false,"voltage":null}'
[2026-09-02 10:43:25] [32minfo[39m: 	z2m:mqtt: MQTT publish: topic 'zigbee2mqtt/HallPIRSensorBedroomAdvanced', payload '{"battery":30,"device":{"applicationVersion":151,"dateCode":"05012026","friendlyName":"HallPIRSensorBedroomAdvanced","hardwareVersion":1,"ieeeAddr":"0xa4c138da26407e17","manufacturerID":4742,"manufacturerName":"HOBEIAN","model":"ZG-204ZM","networkAddress":33893,"powerSource":"Battery","softwareBuildID":"0105012026","stackVersion":2,"type":"EndDevice","zclVersion":3},"fading_time":10,"illuminance":966,"indicator":"ON","linkquality":144,"motion_detection_mode":"pir_and_radar","motion_detection_sensitivity":4,"motion_state":"none","presence":false,"static_detection_distance":3,"static_detection_sensitivity":4}'
[2026-09-02 10:43:25] [32minfo[39m: 	z2m:mqtt: MQTT publish: topic 'zigbee2mqtt/HallBreakerFA5', payload '{"child_lock":null,"countdown":null,"current":null,"device":{"applicationVersion":69,"dateCode":"","friendlyName":"HallBreakerFA5","hardwareVersion":1,"ieeeAddr":"0x94b216fffe9260f5","manufacturerID":4098,"manufacturerName":"_TZ3000_cayepv1a","model":"TO-Q-SY2-163JZT","networkAddress":60538,"powerSource":"Mains (single phase)","stackVersion":0,"type":"Router","zclVersion":3},"energy":null,"indicator_mode":null,"linkquality":116,"over_current_breaker":null,"over_current_threshold":null,"over_voltage_breaker":null,"over_voltage_threshold":null,"power":null,"power_breaker":null,"power_outage_memory":null,"power_threshold":null,"state":"ON","temperature":null,"temperature_breaker":null,"temperature_threshold":null,"under_voltage_breaker":null,"under_voltage_threshold":null,"update":{"installed_version":-1,"latest_version":-1,"state":null},"voltage":null}'
[2026-09-02 10:43:25] [32minfo[39m: 	z2m:mqtt: MQTT publish: topic 'zigbee2mqtt/HallEntranceIlluminance', payload '{"battery":50,"device":{"applicationVersion":151,"dateCode":"26022026","friendlyName":"HallEntranceIlluminance","hardwareVersion":1,"ieeeAddr":"0xa4c1386c6faff53b","manufacturerID":4742,"manufacturerName":"HOBEIAN","model":"ZG-106Z","networkAddress":28272,"powerSource":"Battery","softwareBuildID":"0126022026","stackVersion":2,"type":"EndDevice","zclVersion":3},"illuminance":7,"linkquality":124,"voltage":2700}'
[2026-09-02 10:43:25] [32minfo[39m: 	z2m:mqtt: MQTT publish: topic 'zigbee2mqtt/RestroomPIR', payload '{"battery":90,"battery_low":false,"device":{"applicationVersion":151,"dateCode":"02012026","friendlyName":"RestroomPIR","hardwareVersion":1,"ieeeAddr":"0xa4c138626fd5eda7","manufacturerID":4742,"manufacturerName":"HOBEIAN","model":"ZG-204Z","networkAddress":45672,"powerSource":"Battery","softwareBuildID":"0102012026","stackVersion":2,"type":"EndDevice","zclVersion":3},"keep_time":null,"linkquality":116,"occupancy":false,"sensitivity":null,"voltage":2900}'
[2026-09-02 10:43:25] [32minfo[39m: 	z2m:mqtt: MQTT publish: topic 'zigbee2mqtt/RestroomSwitch', payload '{"delayed_power_on_state":null,"delayed_power_on_time":null,"detach_relay_mode":null,"device":{"applicationVersion":16,"dateCode":"20241202","friendlyName":"RestroomSwitch","hardwareVersion":16,"ieeeAddr":"0xc02cedfffec48f9d","manufacturerID":4742,"manufacturerName":"SONOFF","model":"ZBMINIR2","networkAddress":45660,"powerSource":"Mains (single phase)","softwareBuildID":"1.0.4","type":"Router","zclVersion":3},"external_trigger_mode":"edge","linkquality":116,"network_indicator":null,"power_on_behavior":null,"state":"OFF","turbo_mode":null,"update":{"installed_version":-1,"latest_version":-1,"state":null}}'
[2026-09-02 10:43:25] [32minfo[39m: 	z2m:mqtt: MQTT publish: topic 'zigbee2mqtt/BathroomSwitchRouter', payload '{"delayed_power_on_state":null,"delayed_power_on_time":null,"detach_relay_mode":null,"device":{"applicationVersion":16,"dateCode":"20251127","friendlyName":"BathroomSwitchRouter","hardwareVersion":16,"ieeeAddr":"0x04e3e5fffed39c39","manufacturerID":4742,"manufacturerName":"SONOFF","model":"ZBMINIR2","networkAddress":63192,"powerSource":"Mains (single phase)","softwareBuildID":"1.0.8","type":"Router","zclVersion":3},"external_trigger_mode":"edge","linkquality":112,"network_indicator":null,"power_on_behavior":null,"state":"OFF","turbo_mode":null,"update":{"installed_version":-1,"latest_version":-1,"state":null}}'
[2026-09-02 10:43:25] [32minfo[39m: 	z2m:mqtt: MQTT publish: topic 'zigbee2mqtt/buttBedroomEntranceUSB', payload '{"battery":48,"device":{"applicationVersion":1,"dateCode":"20230310","friendlyName":"buttBedroomEntranceUSB","hardwareVersion":1,"ieeeAddr":"0x8c8b48fffec9b5aa","manufacturerID":4476,"manufacturerName":"IKEA of Sweden","model":"E2213","networkAddress":41671,"powerSource":"Battery","softwareBuildID":"1.0.21","stackVersion":113,"type":"EndDevice","zclVersion":8},"identify":null,"linkquality":104,"update":{"installed_version":16777249,"latest_release_notes":"https://ww8.ikea.com/ikeahomesmart/releasenotes/releasenotes.html","latest_source":"https://raw.githubusercontent.com/Koenkk/zigbee-OTA/master/images/IKEA/rodret-shortcut-soc_release_prod_v16777249_d89ffc33-55d1-4d47-acac-42365e5d9dd8.ota","latest_version":16777249,"state":"idle"},"voltage":null}'
[2026-09-02 10:43:25] [32minfo[39m: 	z2m:mqtt: MQTT publish: topic 'zigbee2mqtt/buttBedroomCabinetUSB', payload '{"battery":36,"device":{"applicationVersion":1,"dateCode":"20240220","friendlyName":"buttBedroomCabinetUSB","hardwareVersion":1,"ieeeAddr":"0x08fd52fffe2a01f4","manufacturerID":4476,"manufacturerName":"IKEA of Sweden","model":"E2201","networkAddress":21788,"powerSource":"Battery","softwareBuildID":"1.0.57","stackVersion":114,"type":"EndDevice","zclVersion":8},"identify":null,"linkquality":168,"update":{"installed_version":16777303,"latest_release_notes":"https://ww8.ikea.com/ikeahomesmart/releasenotes/releasenotes.html","latest_source":"https://raw.githubusercontent.com/Koenkk/zigbee-OTA/master/images/IKEA/rodret-dimmer-soc_release_prod_v16777303_0a78457a-950c-4903-bfd1-67902aa66cf9.ota","latest_version":16777303,"state":"idle"},"voltage":null}'
[2026-09-02 10:43:25] [32minfo[39m: 	z2m:mqtt: MQTT publish: topic 'zigbee2mqtt/LivingRoomSocketTableRight', payload '{"child_lock":"UNLOCK","countdown":0,"current":0.32,"device":{"applicationVersion":192,"dateCode":"","friendlyName":"LivingRoomSocketTableRight","hardwareVersion":1,"ieeeAddr":"0xa4c13852d7bbc587","manufacturerID":4417,"manufacturerName":"_TZ3000_b28wrpvx","model":"TS011F_plug_1_2","networkAddress":23217,"powerSource":"Mains (single phase)","stackVersion":0,"type":"Router","zclVersion":3},"energy":19.57,"identify":null,"indicator_mode":"off/on","linkquality":180,"power":66,"power_outage_memory":"restore","state":"ON","switch_type_button":"release","update":{"installed_version":-1,"latest_version":-1,"state":null},"voltage":234}'
[2026-09-02 10:43:25] [32minfo[39m: 	z2m:mqtt: MQTT publish: topic 'zigbee2mqtt/WorkRoomPIREntrance', payload '{"battery":100,"device":{"applicationVersion":145,"friendlyName":"WorkRoomPIREntrance","hardwareVersion":1,"ieeeAddr":"0xa4c1380e94d2ff82","manufacturerID":4742,"manufacturerName":"_TZE200_3towulqd","model":"ZG-204ZL","networkAddress":40342,"powerSource":"Battery","softwareBuildID":"0122052017","stackVersion":2,"type":"EndDevice","zclVersion":3},"illuminance":2488,"illuminance_interval":1,"keep_time":"10","linkquality":136,"occupancy":false,"sensitivity":"high"}'
[2026-09-02 10:43:25] [32minfo[39m: 	z2m:mqtt: MQTT publish: topic 'zigbee2mqtt/WorkroomTemp', payload '{"battery":95,"device":{"applicationVersion":72,"dateCode":"","friendlyName":"WorkroomTemp","hardwareVersion":1,"ieeeAddr":"0xa4c138267bfd0080","manufacturerID":4417,"manufacturerName":"_TZE200_vvmbj46n","model":"TH05Z","networkAddress":8497,"powerSource":"Battery","stackVersion":0,"type":"EndDevice","zclVersion":3},"humidity":56,"humidity_alarm":null,"humidity_periodic_report":120,"humidity_sensitivity":6,"linkquality":108,"max_humidity_alarm":70,"max_temperature_alarm":30,"min_humidity_alarm":40,"min_temperature_alarm":15,"temperature":24.5,"temperature_alarm":null,"temperature_periodic_report":120,"temperature_sensitivity":0.6,"temperature_unit":"celsius"}'
[2026-09-02 10:43:25] [32minfo[39m: 	z2m:mqtt: MQTT publish: topic 'zigbee2mqtt/BedroomTemp', payload '{"battery":100,"device":{"applicationVersion":211,"friendlyName":"BedroomTemp","hardwareVersion":1,"ieeeAddr":"0xa4c138d47dc9e412","manufacturerID":4417,"manufacturerName":"_TZ3000_bjawzodf","model":"TS0201","networkAddress":5895,"powerSource":"Battery","stackVersion":2,"type":"EndDevice","zclVersion":3},"humidity":53.8,"linkquality":124,"temperature":23.6,"update":{"installed_version":268513281,"latest_release_notes":null,"latest_source":null,"latest_version":268513281,"state":"idle"},"voltage":null}'
[2026-09-02 10:43:25] [32minfo[39m: 	z2m:mqtt: MQTT publish: topic 'zigbee2mqtt/HallBreakerFA3', payload '{"child_lock":null,"countdown":null,"current":null,"device":{"applicationVersion":75,"dateCode":"","friendlyName":"HallBreakerFA3","hardwareVersion":1,"ieeeAddr":"0x94b216fffe928d4a","manufacturerID":4098,"manufacturerName":"_TZ3000_cayepv1a","model":"TO-Q-SY2-163JZT","networkAddress":45980,"powerSource":"Mains (single phase)","stackVersion":0,"type":"Router","zclVersion":3},"energy":null,"indicator_mode":null,"linkquality":92,"over_current_breaker":null,"over_current_threshold":null,"over_voltage_breaker":null,"over_voltage_threshold":null,"power":null,"power_breaker":null,"power_outage_memory":null,"power_threshold":null,"state":"ON","temperature":null,"temperature_breaker":null,"temperature_threshold":null,"under_voltage_breaker":null,"under_voltage_threshold":null,"update":{"installed_version":-1,"latest_version":-1,"state":null},"voltage":null}'
[2026-09-02 10:43:25] [32minfo[39m: 	z2m:mqtt: MQTT publish: topic 'zigbee2mqtt/BedroomCabinetHumidityTempL1', payload '{"battery":100,"device":{"applicationVersion":147,"friendlyName":"BedroomCabinetHumidityTempL1","hardwareVersion":0,"ieeeAddr":"0xa4c1383a4b55557a","manufacturerID":4742,"manufacturerName":"Zbeacon","model":"TH01","networkAddress":56033,"powerSource":"Battery","softwareBuildID":"0122052017","stackVersion":2,"type":"EndDevice","zclVersion":3},"humidity":50.81,"linkquality":140,"temperature":22.97,"voltage":3000}'
[2026-09-02 10:43:25] [32minfo[39m: 	z2m:mqtt: MQTT publish: topic 'zigbee2mqtt/BedroomCabinetHumidityTempL2', payload '{"battery":100,"device":{"applicationVersion":147,"friendlyName":"BedroomCabinetHumidityTempL2","hardwareVersion":0,"ieeeAddr":"0xa4c13878175921dc","manufacturerID":4742,"manufacturerName":"Zbeacon","model":"TH01","networkAddress":17102,"powerSource":"Battery","softwareBuildID":"0122052017","stackVersion":2,"type":"EndDevice","zclVersion":3},"humidity":49.88,"linkquality":180,"temperature":22.27,"voltage":2900}'
[2026-09-02 10:43:25] [32minfo[39m: 	z2m:mqtt: MQTT publish: topic 'zigbee2mqtt/BedroomCabinetHumidityTempL3', payload '{"battery":100,"device":{"applicationVersion":147,"friendlyName":"BedroomCabinetHumidityTempL3","hardwareVersion":0,"ieeeAddr":"0xa4c138bb0d75444c","manufacturerID":4742,"manufacturerName":"Zbeacon","model":"TH01","networkAddress":579,"powerSource":"Battery","softwareBuildID":"0122052017","stackVersion":2,"type":"EndDevice","zclVersion":3},"humidity":48.9,"linkquality":140,"temperature":23.21,"voltage":3000}'
[2026-09-02 10:43:25] [32minfo[39m: 	z2m:mqtt: MQTT publish: topic 'zigbee2mqtt/BedroomCabinetHumidityTempL4', payload '{"battery":100,"device":{"applicationVersion":147,"friendlyName":"BedroomCabinetHumidityTempL4","hardwareVersion":0,"ieeeAddr":"0xa4c138c8a9f237a5","manufacturerID":4742,"manufacturerName":"Zbeacon","model":"TH01","networkAddress":36274,"powerSource":"Battery","softwareBuildID":"0122052017","stackVersion":2,"type":"EndDevice","zclVersion":3},"humidity":50.16,"linkquality":184,"temperature":22.4,"voltage":2900}'
[2026-09-02 10:43:25] [32minfo[39m: 	z2m:mqtt: MQTT publish: topic 'zigbee2mqtt/BedroomCabinetHumidityTempL0', payload '{"battery":107,"device":{"applicationVersion":72,"dateCode":"","friendlyName":"BedroomCabinetHumidityTempL0","hardwareVersion":1,"ieeeAddr":"0xa4c138a67b88f8ac","manufacturerID":4417,"manufacturerName":"_TZE200_locansqn","model":"TH01Z","networkAddress":1207,"powerSource":"Battery","stackVersion":0,"type":"EndDevice","zclVersion":3},"humidity":57,"humidity_alarm":null,"humidity_report_interval":120,"humidity_sensitivity":6,"linkquality":132,"max_humidity":69,"max_temperature":39,"min_humidity":20,"min_temperature":0,"temperature":22.8,"temperature_alarm":null,"temperature_report_interval":120,"temperature_sensitivity":0.6,"temperature_unit_convert":"celsius"}'
[2026-09-02 10:43:25] [32minfo[39m: 	z2m:mqtt: MQTT publish: topic 'zigbee2mqtt/ButtLivingRoomCicleDimmer', payload '{"battery":null,"device":{"applicationVersion":1,"dateCode":"20240220","friendlyName":"ButtLivingRoomCicleDimmer","hardwareVersion":1,"ieeeAddr":"0x348d13fffefffa53","manufacturerID":4476,"manufacturerName":"IKEA of Sweden","model":"E2201","networkAddress":17544,"powerSource":"Battery","softwareBuildID":"1.0.57","stackVersion":114,"type":"EndDevice","zclVersion":8},"identify":null,"linkquality":160,"update":{"installed_version":16777303,"latest_release_notes":"https://ww8.ikea.com/ikeahomesmart/releasenotes/releasenotes.html","latest_source":"https://raw.githubusercontent.com/Koenkk/zigbee-OTA/master/images/IKEA/rodret-dimmer-soc_release_prod_v16777303_0a78457a-950c-4903-bfd1-67902aa66cf9.ota","latest_version":16777303,"state":"idle"},"voltage":null}'
[2026-09-02 10:43:25] [32minfo[39m: 	z2m:mqtt: MQTT publish: topic 'zigbee2mqtt/WorkroomSocketCabinet', payload '{"current":0,"device":{"applicationVersion":3,"dateCode":"20260822","friendlyName":"WorkroomSocketCabinet","hardwareVersion":1,"ieeeAddr":"0xa4c138c5f07ee732","manufacturerID":4417,"manufacturerName":"b28wrpvx","model":"TS011F_plug_1_2","networkAddress":56563,"powerSource":"Mains (single phase)","softwareBuildID":"1.2.5-8b8cc492","stackVersion":2,"type":"Router","zclVersion":3},"device_config_switch":null,"energy":0.04,"linkquality":132,"multi_press_reset_count_switch":null,"network_led_switch":null,"power":0,"power_on_behavior_relay":null,"relay_indicator_mode_relay":null,"relay_indicator_relay":null,"relay_physical_mode":null,"state_relay":null,"switch_action_mode_switch":null,"switch_binded_mode_switch":null,"switch_level_move_rate_switch":null,"switch_long_press_duration_switch":null,"switch_mode_switch":null,"switch_press_action_switch":null,"switch_relay_index_switch":null,"switch_relay_mode_switch":null,"update":{"installed_version":302329856,"latest_release_notes":null,"latest_source":null,"latest_version":302329856,"state":"idle"},"voltage":242.72}'
[2026-09-02 10:43:25] [32minfo[39m: 	z2m:mqtt: MQTT publish: topic 'zigbee2mqtt/HallBreakerKitchenInduction', payload '{"current_a":0,"current_b":0,"current_c":0,"device":{"applicationVersion":74,"dateCode":"","friendlyName":"HallBreakerKitchenInduction","hardwareVersion":1,"ieeeAddr":"0xa4c138278695ef31","manufacturerID":4417,"manufacturerName":"_TZE204_wbhaespm","model":"ZXB3-125","networkAddress":36651,"powerSource":"Mains (single phase)","stackVersion":0,"type":"Router","zclVersion":3},"energy":180.92,"faults":[],"high_temperature_breaker":null,"high_temperature_threshold":null,"insufficient_balance_breaker":null,"insufficient_balance_threshold":null,"leakage_breaker":null,"leakage_test":null,"leakage_threshold":null,"linkquality":104,"over_current_breaker":null,"over_current_threshold":null,"over_voltage_breaker":null,"over_voltage_threshold":null,"overload_breaker":null,"overload_threshold":null,"power_a":0,"power_b":0,"power_c":0,"state":"ON","temperature":25,"under_voltage_breaker":null,"under_voltage_threshold":null,"voltage_a":242.1,"voltage_b":241.3,"voltage_c":239.3}'
[2026-09-02 10:43:25] [32minfo[39m: 	z2m:mqtt: MQTT publish: topic 'zigbee2mqtt/HallBereakerFA8', payload '{"child_lock":"UNLOCK","countdown":0,"current":0,"device":{"applicationVersion":75,"dateCode":"","friendlyName":"HallBereakerFA8","hardwareVersion":1,"ieeeAddr":"0x94b216fffe774cc4","manufacturerID":4098,"manufacturerName":"_TZ3000_cayepv1a","model":"TO-Q-SY2-163JZT","networkAddress":23781,"powerSource":"Mains (single phase)","stackVersion":0,"type":"Router","zclVersion":3},"energy":0.48,"indicator_mode":"off/on","linkquality":84,"over_current_breaker":"ON","over_current_threshold":65,"over_voltage_breaker":"ON","over_voltage_threshold":265,"power":0,"power_breaker":"ON","power_outage_memory":"restore","power_threshold":13,"state":"ON","temperature":32.96,"temperature_breaker":"ON","temperature_threshold":100,"under_voltage_breaker":"ON","under_voltage_threshold":75,"update":{"installed_version":-1,"latest_version":-1,"state":null},"voltage":239}'
[2026-09-02 10:43:25] [32minfo[39m: 	z2m:mqtt: MQTT publish: topic 'zigbee2mqtt/HallBreakerFA12', payload '{"child_lock":null,"countdown":null,"current":0,"device":{"applicationVersion":75,"dateCode":"","friendlyName":"HallBreakerFA12","hardwareVersion":1,"ieeeAddr":"0x94b216fffe897bfb","manufacturerID":4098,"manufacturerName":"_TZ3000_cayepv1a","model":"TO-Q-SY2-163JZT","networkAddress":27025,"powerSource":"Mains (single phase)","stackVersion":0,"type":"Router","zclVersion":3},"energy":0.33,"indicator_mode":null,"linkquality":112,"over_current_breaker":null,"over_current_threshold":null,"over_voltage_breaker":null,"over_voltage_threshold":null,"power":0,"power_breaker":null,"power_outage_memory":null,"power_threshold":null,"state":"ON","temperature":31.41,"temperature_breaker":null,"temperature_threshold":null,"under_voltage_breaker":null,"under_voltage_threshold":null,"update":{"installed_version":-1,"latest_version":-1,"state":null},"voltage":240}'
[2026-09-02 10:43:25] [32minfo[39m: 	z2m:mqtt: MQTT publish: topic 'zigbee2mqtt/HallBreakerFAFI1', payload '{"child_lock":null,"countdown":null,"current":0,"device":{"applicationVersion":69,"dateCode":"","friendlyName":"HallBreakerFAFI1","hardwareVersion":1,"ieeeAddr":"0x94b216fffe943151","manufacturerID":4098,"manufacturerName":"_TZ3000_cayepv1a","model":"TO-Q-SY2-163JZT","networkAddress":14895,"powerSource":"Mains (single phase)","stackVersion":0,"type":"Router","zclVersion":3},"energy":0.86,"indicator_mode":null,"linkquality":92,"over_current_breaker":null,"over_current_threshold":null,"over_voltage_breaker":null,"over_voltage_threshold":null,"power":0,"power_breaker":null,"power_outage_memory":null,"power_threshold":null,"state":"ON","temperature":29.96,"temperature_breaker":null,"temperature_threshold":null,"under_voltage_breaker":null,"under_voltage_threshold":null,"update":{"installed_version":-1,"latest_version":-1,"state":null},"voltage":239}'
[2026-09-02 10:43:25] [32minfo[39m: 	z2m:mqtt: MQTT publish: topic 'zigbee2mqtt/ButtLivingRoomLinearDimmer', payload '{"battery":null,"device":{"applicationVersion":1,"dateCode":"20240220","friendlyName":"ButtLivingRoomLinearDimmer","hardwareVersion":1,"ieeeAddr":"0xecf64cfffead3b8c","manufacturerID":4476,"manufacturerName":"IKEA of Sweden","model":"E2201","networkAddress":21255,"powerSource":"Battery","softwareBuildID":"1.0.57","stackVersion":114,"type":"EndDevice","zclVersion":8},"identify":null,"linkquality":124,"update":{"installed_version":-1,"latest_version":-1,"state":null},"voltage":null}'
[2026-09-02 10:43:25] [32minfo[39m: 	z2m:mqtt: MQTT publish: topic 'zigbee2mqtt/buttLivingRoomTableSocketLeftPrinter', payload '{"battery":88,"device":{"applicationVersion":1,"dateCode":"20240220","friendlyName":"buttLivingRoomTableSocketLeftPrinter","hardwareVersion":1,"ieeeAddr":"0xf0fd45fffeef553b","manufacturerID":4476,"manufacturerName":"IKEA of Sweden","model":"E2201","networkAddress":19573,"powerSource":"Battery","softwareBuildID":"1.0.57","stackVersion":114,"type":"EndDevice","zclVersion":8},"identify":null,"linkquality":180,"update":{"installed_version":16777303,"latest_release_notes":"https://ww8.ikea.com/ikeahomesmart/releasenotes/releasenotes.html","latest_source":"https://raw.githubusercontent.com/Koenkk/zigbee-OTA/master/images/IKEA/rodret-dimmer-soc_release_prod_v16777303_0a78457a-950c-4903-bfd1-67902aa66cf9.ota","latest_version":16777303,"state":"idle"},"voltage":1300}'
[2026-09-02 10:43:25] [32minfo[39m: 	z2m:mqtt: MQTT publish: topic 'zigbee2mqtt/WorkRoomLedMainDimmer', payload '{"brightness":127,"device":{"applicationVersion":0,"dateCode":"NULL","friendlyName":"WorkRoomLedMainDimmer","hardwareVersion":1,"ieeeAddr":"0x385b44fffefc81c0","manufacturerID":4644,"manufacturerName":"Sunricher","model":"50208702","networkAddress":62995,"powerSource":"Mains (single phase)","softwareBuildID":"2.9.2_r76","stackVersion":0,"type":"Router","zclVersion":3},"effect":null,"level_config":{"on_level":"previous"},"linkquality":136,"model":null,"power_on_behavior":null,"state":"OFF"}'
[2026-09-02 10:43:25] [32minfo[39m: 	z2m:mqtt: MQTT publish: topic 'zigbee2mqtt/HallBreakerFA7', payload '{"child_lock":"UNLOCK","countdown":0,"current":0,"device":{"applicationVersion":75,"dateCode":"","friendlyName":"HallBreakerFA7","hardwareVersion":1,"ieeeAddr":"0xdc8e95fffe8aea30","manufacturerID":4098,"manufacturerName":"_TZ3000_cayepv1a","model":"TO-Q-SY2-163JZT","networkAddress":59672,"powerSource":"Mains (single phase)","stackVersion":0,"type":"Router","zclVersion":3},"energy":2.54,"indicator_mode":"off/on","linkquality":116,"over_current_breaker":"ON","over_current_threshold":65,"over_voltage_breaker":"ON","over_voltage_threshold":265,"power":0,"power_breaker":"ON","power_outage_memory":"restore","power_threshold":13,"state":"ON","temperature":35.18,"temperature_breaker":"ON","temperature_threshold":100,"under_voltage_breaker":"ON","under_voltage_threshold":75,"update":{"installed_version":-1,"latest_version":-1,"state":null},"voltage":239}'
[2026-09-02 10:43:25] [32minfo[39m: 	z2m:mqtt: MQTT publish: topic 'zigbee2mqtt/buttLivingRoomKitchenTableBulbs', payload '{"battery":71,"device":{"applicationVersion":1,"dateCode":"20240220","friendlyName":"buttLivingRoomKitchenTableBulbs","hardwareVersion":1,"ieeeAddr":"0xd44867fffe16b355","manufacturerID":4476,"manufacturerName":"IKEA of Sweden","model":"E2201","networkAddress":21991,"powerSource":"Battery","softwareBuildID":"1.0.57","stackVersion":114,"type":"EndDevice","zclVersion":8},"identify":null,"linkquality":116,"update":{"installed_version":-1,"latest_version":-1,"state":null},"voltage":1200}'
[2026-09-02 10:43:25] [32minfo[39m: 	z2m:mqtt: MQTT publish: topic 'zigbee2mqtt/buttLivingRoomLights', payload '{"battery":100,"device":{"applicationVersion":16,"dateCode":"20260209","friendlyName":"buttLivingRoomLights","hardwareVersion":16,"ieeeAddr":"0xa4c13810ae3bffff","manufacturerID":4742,"manufacturerName":"SONOFF","model":"SNZB-01M","networkAddress":48575,"powerSource":"Battery","softwareBuildID":"1.1.0","stackVersion":2,"type":"EndDevice","zclVersion":3},"linkquality":184,"update":{"installed_version":4352,"latest_release_notes":null,"latest_source":"https://raw.githubusercontent.com/Koenkk/zigbee-OTA/master/images/Sonoff/snzb-01m_v1.1.0.ota","latest_version":4352,"state":"idle"}}'
[2026-09-02 10:43:25] [32minfo[39m: 	z2m:mqtt: MQTT publish: topic 'zigbee2mqtt/Sockets Critical', payload '{"state":"ON"}'
[2026-09-02 10:43:25] [32minfo[39m: 	z2m:mqtt: MQTT publish: topic 'zigbee2mqtt/Sockets Supportive', payload '{"countdown":0,"state":"ON"}'
[2026-09-02 10:43:25] [32minfo[39m: 	z2m:mqtt: MQTT publish: topic 'zigbee2mqtt/Breakers', payload '{"state":"ON"}'
[2026-09-02 10:43:25] [32minfo[39m: 	z2m:mqtt: MQTT publish: topic 'zigbee2mqtt/Lights Hall', payload '{"brightness":1,"color":{"h":25,"hue":25,"s":95,"saturation":95,"x":0.5267,"y":0.4133},"color_mode":"color_temp","color_temp":153,"state":"ON"}'
[2026-09-02 10:43:25] [32minfo[39m: 	z2m:mqtt: MQTT publish: topic 'zigbee2mqtt/Group Ikea HA Switch Bind Essentials', payload '{"state":"ON"}'
[2026-09-02 10:43:25] [32minfo[39m: 	z2m:mqtt: MQTT publish: topic 'zigbee2mqtt/Lights  All', payload '{"brightness":1,"color":{"h":27,"hue":27,"s":92,"saturation":92,"x":0.5056,"y":0.4152},"color_mode":"color_temp","color_temp":153,"state":"OFF"}'
[2026-09-02 10:43:25] [32minfo[39m: 	z2m:mqtt: MQTT publish: topic 'zigbee2mqtt/Lights Hall Entrance', payload '{"brightness":1,"color":{"h":25,"hue":25,"s":95,"saturation":95,"x":0.5267,"y":0.4133},"color_mode":"color_temp","color_temp":153,"state":"OFF"}'
[2026-09-02 10:43:25] [32minfo[39m: 	z2m:mqtt: MQTT publish: topic 'zigbee2mqtt/Bedroom Lights', payload '{"brightness":97,"color":{"h":33,"hue":33,"s":80,"saturation":80,"x":0.4511,"y":0.4084},"color_mode":"color_temp","color_temp":355,"state":"ON"}'
[2026-09-02 10:43:25] [32minfo[39m: 	z2m:mqtt: MQTT publish: topic 'zigbee2mqtt/Kitchen Table Bulbs', payload '{"brightness":50,"color":{"h":27,"hue":27,"s":92,"saturation":92,"x":0.5056,"y":0.4152},"color_mode":"color_temp","color_temp":454,"state":"OFF"}'
[2026-09-02 10:43:25] [32minfo[39m: 	z2m:mqtt: MQTT publish: topic 'zigbee2mqtt/Lights Hall All', payload '{"brightness":1,"color":{"h":25,"hue":25,"s":95,"saturation":95,"x":0.5267,"y":0.4133},"color_mode":"color_temp","color_temp":153,"state":"OFF"}'
[2026-09-02 10:43:25] [32minfo[39m: 	z2m:mqtt: MQTT publish: topic 'zigbee2mqtt/Work Room Table Lights', payload '{"brightness":176,"state":"ON"}'
[2026-09-02 10:43:25] [32minfo[39m: 	z2m:mqtt: MQTT publish: topic 'zigbee2mqtt/Lights Bulbs Entrance', payload '{"brightness":1,"color":{"h":25,"hue":25,"s":95,"saturation":95,"x":0.5267,"y":0.4133},"color_mode":"color_temp","color_temp":153,"state":"OFF"}'
[2026-09-02 10:43:25] [32minfo[39m: 	z2m:mqtt: MQTT publish: topic 'zigbee2mqtt/LR LinearDimmerButtLeft', payload '{"brightness":32,"state":"OFF"}'
[2026-09-02 10:43:25] [32minfo[39m: 	z2m:mqtt: MQTT publish: topic 'zigbee2mqtt/LR KitchenBulbsDimmerButtMiddle', payload '{"brightness":50,"color":{"h":27,"hue":27,"s":92,"saturation":92,"x":0.5056,"y":0.4152},"color_mode":"color_temp","color_temp":454,"state":"OFF"}'
[2026-09-02 10:43:25] [32minfo[39m: 	z2m:mqtt: MQTT publish: topic 'zigbee2mqtt/LR KitchenBulbsAndLinear', payload '{"brightness":50,"color":{"h":27,"hue":27,"s":92,"saturation":92,"x":0.5056,"y":0.4152},"color_mode":"color_temp","color_temp":454,"state":"OFF"}'
[2026-09-02 10:43:25] [32minfo[39m: 	z2m:mqtt: MQTT publish: topic 'zigbee2mqtt/Sockets Nonessential Shutdown', payload '{"countdown":0,"state":"ON"}'
[2026-09-02 10:43:25] [32minfo[39m: 	z2m:mqtt: MQTT publish: topic 'zigbee2mqtt/LR Circle', payload '{"brightness":137,"state":"OFF"}'
[2026-09-02 10:43:25] [32minfo[39m: 	z2m: Zigbee2MQTT started!
[2026-09-02 10:43:26] [32minfo[39m: 	z2m:mqtt: MQTT publish: topic 'zigbee2mqtt/HallBreakerMain', payload '{"current_a":0,"current_b":1.234,"current_c":0,"device":{"applicationVersion":74,"dateCode":"","friendlyName":"HallBreakerMain","hardwareVersion":1,"ieeeAddr":"0xa4c1381647fb6fe1","manufacturerID":4417,"manufacturerName":"_TZE204_wbhaespm","model":"ZXB3-125","networkAddress":23144,"powerSource":"Mains (single phase)","stackVersion":0,"type":"Router","zclVersion":3},"energy":758.31,"faults":[],"high_temperature_breaker":null,"high_temperature_threshold":null,"insufficient_balance_breaker":null,"insufficient_balance_threshold":null,"leakage_breaker":null,"leakage_test":null,"leakage_threshold":null,"linkquality":112,"over_current_breaker":null,"over_current_threshold":null,"over_voltage_breaker":null,"over_voltage_threshold":null,"overload_breaker":null,"overload_threshold":null,"power_a":0,"power_b":143,"power_c":0,"state":"ON","temperature":25,"under_voltage_breaker":null,"under_voltage_threshold":null,"voltage_a":241.5,"voltage_b":240.7,"voltage_c":239.3}'
[2026-09-02 10:43:26] [32minfo[39m: 	z2m:mqtt: MQTT publish: topic 'zigbee2mqtt/HallBreakerKitchenInduction', payload '{"current_a":0,"current_b":0,"current_c":0,"device":{"applicationVersion":74,"dateCode":"","friendlyName":"HallBreakerKitchenInduction","hardwareVersion":1,"ieeeAddr":"0xa4c138278695ef31","manufacturerID":4417,"manufacturerName":"_TZE204_wbhaespm","model":"ZXB3-125","networkAddress":36651,"powerSource":"Mains (single phase)","stackVersion":0,"type":"Router","zclVersion":3},"energy":180.92,"faults":[],"high_temperature_breaker":null,"high_temperature_threshold":null,"insufficient_balance_breaker":null,"insufficient_balance_threshold":null,"leakage_breaker":null,"leakage_test":null,"leakage_threshold":null,"linkquality":180,"over_current_breaker":null,"over_current_threshold":null,"over_voltage_breaker":null,"over_voltage_threshold":null,"overload_breaker":null,"overload_threshold":null,"power_a":0,"power_b":0,"power_c":0,"state":"ON","temperature":25,"under_voltage_breaker":null,"under_voltage_threshold":null,"voltage_a":242.1,"voltage_b":241.3,"voltage_c":239.3}'
[2026-09-02 10:43:27] [32minfo[39m: 	z2m:mqtt: MQTT publish: topic 'zigbee2mqtt/HallBreakerMain', payload '{"current_a":0,"current_b":1.234,"current_c":0,"device":{"applicationVersion":74,"dateCode":"","friendlyName":"HallBreakerMain","hardwareVersion":1,"ieeeAddr":"0xa4c1381647fb6fe1","manufacturerID":4417,"manufacturerName":"_TZE204_wbhaespm","model":"ZXB3-125","networkAddress":23144,"powerSource":"Mains (single phase)","stackVersion":0,"type":"Router","zclVersion":3},"energy":758.31,"faults":[],"high_temperature_breaker":null,"high_temperature_threshold":null,"insufficient_balance_breaker":null,"insufficient_balance_threshold":null,"leakage_breaker":null,"leakage_test":null,"leakage_threshold":null,"linkquality":68,"over_current_breaker":null,"over_current_threshold":null,"over_voltage_breaker":null,"over_voltage_threshold":null,"overload_breaker":null,"overload_threshold":null,"power_a":0,"power_b":143,"power_c":0,"state":"ON","temperature":25,"under_voltage_breaker":null,"under_voltage_threshold":null,"voltage_a":241.5,"voltage_b":240.7,"voltage_c":239.3}'
[2026-09-02 10:43:27] [32minfo[39m: 	z2m:mqtt: MQTT publish: topic 'zigbee2mqtt/HallBreakerKitchenInduction', payload '{"current_a":0,"current_b":0,"current_c":0,"device":{"applicationVersion":74,"dateCode":"","friendlyName":"HallBreakerKitchenInduction","hardwareVersion":1,"ieeeAddr":"0xa4c138278695ef31","manufacturerID":4417,"manufacturerName":"_TZE204_wbhaespm","model":"ZXB3-125","networkAddress":36651,"powerSource":"Mains (single phase)","stackVersion":0,"type":"Router","zclVersion":3},"energy":180.92,"faults":[],"high_temperature_breaker":null,"high_temperature_threshold":null,"insufficient_balance_breaker":null,"insufficient_balance_threshold":null,"leakage_breaker":null,"leakage_test":null,"leakage_threshold":null,"linkquality":108,"over_current_breaker":null,"over_current_threshold":null,"over_voltage_breaker":null,"over_voltage_threshold":null,"overload_breaker":null,"overload_threshold":null,"power_a":0,"power_b":0,"power_c":0,"state":"ON","temperature":25,"under_voltage_breaker":null,"under_voltage_threshold":null,"voltage_a":242.1,"voltage_b":241.3,"voltage_c":239.3}'
[2026-09-02 10:43:29] [32minfo[39m: 	z2m:mqtt: MQTT publish: topic 'zigbee2mqtt/HallBreakerMain', payload '{"current_a":0,"current_b":1.234,"current_c":0,"device":{"applicationVersion":74,"dateCode":"","friendlyName":"HallBreakerMain","hardwareVersion":1,"ieeeAddr":"0xa4c1381647fb6fe1","manufacturerID":4417,"manufacturerName":"_TZE204_wbhaespm","model":"ZXB3-125","networkAddress":23144,"powerSource":"Mains (single phase)","stackVersion":0,"type":"Router","zclVersion":3},"energy":758.31,"faults":[],"high_temperature_breaker":null,"high_temperature_threshold":null,"insufficient_balance_breaker":null,"insufficient_balance_threshold":null,"leakage_breaker":null,"leakage_test":null,"leakage_threshold":null,"linkquality":112,"over_current_breaker":null,"over_current_threshold":null,"over_voltage_breaker":null,"over_voltage_threshold":null,"overload_breaker":null,"overload_threshold":null,"power_a":0,"power_b":143,"power_c":0,"state":"ON","temperature":25,"under_voltage_breaker":null,"under_voltage_threshold":null,"voltage_a":241.5,"voltage_b":240.7,"voltage_c":239.3}'
[2026-09-02 10:43:30] [32minfo[39m: 	z2m:mqtt: MQTT publish: topic 'homeassistant/binary_sensor/1221051039810110150109113116116_0xfdb1122d004b1200/connection_state/config', payload '{"default_entity_id":"binary_sensor.zigbee2mqtt_bridge_connection_state","device":{"hw_version":"EmberZNet 9.1.1 [GA]","identifiers":["zigbee2mqtt_bridge_0xfdb1122d004b1200"],"manufacturer":"Zigbee2MQTT","model":"Bridge","name":"Zigbee2MQTT Bridge","sw_version":"2.13.0"},"device_class":"connectivity","entity_category":"diagnostic","name":"Connection state","object_id":"zigbee2mqtt_bridge_connection_state","origin":{"name":"Zigbee2MQTT","sw":"2.13.0","url":"https://www.zigbee2mqtt.io"},"payload_off":"offline","payload_on":"online","state_topic":"zigbee2mqtt/bridge/state","unique_id":"bridge_0xfdb1122d004b1200_connection_state_zigbee2mqtt","value_template":"{{ value_json.state }}"}'
[2026-09-02 10:43:31] [32minfo[39m: 	z2m:mqtt: MQTT publish: topic 'zigbee2mqtt/HallBreakerKitchenInduction', payload '{"current_a":0,"current_b":0,"current_c":0,"device":{"applicationVersion":74,"dateCode":"","friendlyName":"HallBreakerKitchenInduction","hardwareVersion":1,"ieeeAddr":"0xa4c138278695ef31","manufacturerID":4417,"manufacturerName":"_TZE204_wbhaespm","model":"ZXB3-125","networkAddress":36651,"powerSource":"Mains (single phase)","stackVersion":0,"type":"Router","zclVersion":3},"energy":180.92,"faults":[],"high_temperature_breaker":null,"high_temperature_threshold":null,"insufficient_balance_breaker":null,"insufficient_balance_threshold":null,"leakage_breaker":null,"leakage_test":null,"leakage_threshold":null,"linkquality":72,"over_current_breaker":null,"over_current_threshold":null,"over_voltage_breaker":null,"over_voltage_threshold":null,"overload_breaker":null,"overload_threshold":null,"power_a":0,"power_b":0,"power_c":0,"state":"ON","temperature":25,"under_voltage_breaker":null,"under_voltage_threshold":null,"voltage_a":242.1,"voltage_b":241.3,"voltage_c":239.3}'
[2026-09-02 10:43:31] [32minfo[39m: 	z2m:mqtt: MQTT publish: topic 'zigbee2mqtt/BedroomSocketDoorL', payload '{"child_lock":null,"countdown":null,"current":0,"device":{"applicationVersion":77,"dateCode":"","friendlyName":"BedroomSocketDoorL","hardwareVersion":1,"ieeeAddr":"0xa4c138054d265da2","manufacturerID":4417,"manufacturerName":"_TZ3000_b28wrpvx","model":"TS011F_plug_1_2","networkAddress":38433,"powerSource":"Mains (single phase)","stackVersion":0,"type":"Router","zclVersion":3},"energy":0.07,"identify":null,"indicator_mode":null,"linkquality":120,"power":0,"power_outage_memory":null,"state":"OFF","switch_type_button":null,"update":{"installed_version":-1,"latest_version":-1,"state":null},"voltage":229}'
[2026-09-02 10:43:33] [32minfo[39m: 	z2m:mqtt: MQTT publish: topic 'zigbee2mqtt/HallBreakerMain', payload '{"current_a":0,"current_b":1.212,"current_c":0,"device":{"applicationVersion":74,"dateCode":"","friendlyName":"HallBreakerMain","hardwareVersion":1,"ieeeAddr":"0xa4c1381647fb6fe1","manufacturerID":4417,"manufacturerName":"_TZE204_wbhaespm","model":"ZXB3-125","networkAddress":23144,"powerSource":"Mains (single phase)","stackVersion":0,"type":"Router","zclVersion":3},"energy":758.31,"faults":[],"high_temperature_breaker":null,"high_temperature_threshold":null,"insufficient_balance_breaker":null,"insufficient_balance_threshold":null,"leakage_breaker":null,"leakage_test":null,"leakage_threshold":null,"linkquality":64,"over_current_breaker":null,"over_current_threshold":null,"over_voltage_breaker":null,"over_voltage_threshold":null,"overload_breaker":null,"overload_threshold":null,"power_a":0,"power_b":135,"power_c":0,"state":"ON","temperature":25,"under_voltage_breaker":null,"under_voltage_threshold":null,"voltage_a":241.5,"voltage_b":240.4,"voltage_c":239.3}'
[2026-09-02 10:43:34] [32minfo[39m: 	z2m:mqtt: MQTT publish: topic 'zigbee2mqtt/HallBreakerMain', payload '{"current_a":0,"current_b":1.212,"current_c":0,"device":{"applicationVersion":74,"dateCode":"","friendlyName":"HallBreakerMain","hardwareVersion":1,"ieeeAddr":"0xa4c1381647fb6fe1","manufacturerID":4417,"manufacturerName":"_TZE204_wbhaespm","model":"ZXB3-125","networkAddress":23144,"powerSource":"Mains (single phase)","stackVersion":0,"type":"Router","zclVersion":3},"energy":758.31,"faults":[],"high_temperature_breaker":null,"high_temperature_threshold":null,"insufficient_balance_breaker":null,"insufficient_balance_threshold":null,"leakage_breaker":null,"leakage_test":null,"leakage_threshold":null,"linkquality":88,"over_current_breaker":null,"over_current_threshold":null,"over_voltage_breaker":null,"over_voltage_threshold":null,"overload_breaker":null,"overload_threshold":null,"power_a":0,"power_b":135,"power_c":0,"state":"ON","temperature":25,"under_voltage_breaker":null,"under_voltage_threshold":null,"voltage_a":241.5,"voltage_b":240.4,"voltage_c":239.3}'
[2026-09-02 10:43:34] [32minfo[39m: 	z2m:mqtt: MQTT publish: topic 'zigbee2mqtt/HallBreakerMain', payload '{"current_a":0,"current_b":1.212,"current_c":0,"device":{"applicationVersion":74,"dateCode":"","friendlyName":"HallBreakerMain","hardwareVersion":1,"ieeeAddr":"0xa4c1381647fb6fe1","manufacturerID":4417,"manufacturerName":"_TZE204_wbhaespm","model":"ZXB3-125","networkAddress":23144,"powerSource":"Mains (single phase)","stackVersion":0,"type":"Router","zclVersion":3},"energy":758.31,"faults":[],"high_temperature_breaker":null,"high_temperature_threshold":null,"insufficient_balance_breaker":null,"insufficient_balance_threshold":null,"leakage_breaker":null,"leakage_test":null,"leakage_threshold":null,"linkquality":80,"over_current_breaker":null,"over_current_threshold":null,"over_voltage_breaker":null,"over_voltage_threshold":null,"overload_breaker":null,"overload_threshold":null,"power_a":0,"power_b":135,"power_c":0,"state":"ON","temperature":25,"under_voltage_breaker":null,"under_voltage_threshold":null,"voltage_a":241.5,"voltage_b":240.4,"voltage_c":239.3}'
[2026-09-02 10:43:35] [33mwarning[39m: 	z2m: Failed to ping 'LivingRoomCircleLightDimmer' (attempt 1/1, ZCL command 0xa4c13850cfcdb3a4/11 genBasic.read(["zclVersion"], {"timeout":10000,"disableResponse":false,"disableRecovery":true,"disableDefaultResponse":true,"direction":0,"reservedBits":0,"writeUndiv":false,"sendPolicy":"immediate"}) failed ({"target":52572,"apsFrame":{"profileId":260,"clusterId":0,"sourceEndpoint":1,"destinationEndpoint":11,"options":4416,"groupId":0,"sequence":130},"zclSequence":0,"commandIdentifier":1} timed out after 10000ms))
[2026-09-02 10:43:36] [32minfo[39m: 	z2m:mqtt: MQTT publish: topic 'zigbee2mqtt/HallBreakerFA12', payload '{"child_lock":null,"countdown":null,"current":0,"device":{"applicationVersion":75,"dateCode":"","friendlyName":"HallBreakerFA12","hardwareVersion":1,"ieeeAddr":"0x94b216fffe897bfb","manufacturerID":4098,"manufacturerName":"_TZ3000_cayepv1a","model":"TO-Q-SY2-163JZT","networkAddress":27025,"powerSource":"Mains (single phase)","stackVersion":0,"type":"Router","zclVersion":3},"energy":0.33,"indicator_mode":null,"linkquality":112,"over_current_breaker":null,"over_current_threshold":null,"over_voltage_breaker":null,"over_voltage_threshold":null,"power":0,"power_breaker":null,"power_outage_memory":null,"power_threshold":null,"state":"ON","temperature":31.41,"temperature_breaker":null,"temperature_threshold":null,"under_voltage_breaker":null,"under_voltage_threshold":null,"update":{"installed_version":-1,"latest_version":-1,"state":null},"voltage":239}'
[2026-09-02 10:43:36] [32minfo[39m: 	z2m:mqtt: MQTT publish: topic 'zigbee2mqtt/HallBreakerMain', payload '{"current_a":0,"current_b":1.212,"current_c":0,"device":{"applicationVersion":74,"dateCode":"","friendlyName":"HallBreakerMain","hardwareVersion":1,"ieeeAddr":"0xa4c1381647fb6fe1","manufacturerID":4417,"manufacturerName":"_TZE204_wbhaespm","model":"ZXB3-125","networkAddress":23144,"powerSource":"Mains (single phase)","stackVersion":0,"type":"Router","zclVersion":3},"energy":758.31,"faults":[],"high_temperature_breaker":null,"high_temperature_threshold":null,"insufficient_balance_breaker":null,"insufficient_balance_threshold":null,"leakage_breaker":null,"leakage_test":null,"leakage_threshold":null,"linkquality":84,"over_current_breaker":null,"over_current_threshold":null,"over_voltage_breaker":null,"over_voltage_threshold":null,"overload_breaker":null,"overload_threshold":null,"power_a":0,"power_b":135,"power_c":0,"state":"ON","temperature":25,"under_voltage_breaker":null,"under_voltage_threshold":null,"voltage_a":241.5,"voltage_b":240.4,"voltage_c":239.3}'
[2026-09-02 10:43:36] [32minfo[39m: 	z2m:mqtt: MQTT publish: topic 'zigbee2mqtt/HallBreakerKitchenInduction', payload '{"current_a":0,"current_b":0,"current_c":0,"device":{"applicationVersion":74,"dateCode":"","friendlyName":"HallBreakerKitchenInduction","hardwareVersion":1,"ieeeAddr":"0xa4c138278695ef31","manufacturerID":4417,"manufacturerName":"_TZE204_wbhaespm","model":"ZXB3-125","networkAddress":36651,"powerSource":"Mains (single phase)","stackVersion":0,"type":"Router","zclVersion":3},"energy":180.92,"faults":[],"high_temperature_breaker":null,"high_temperature_threshold":null,"insufficient_balance_breaker":null,"insufficient_balance_threshold":null,"leakage_breaker":null,"leakage_test":null,"leakage_threshold":null,"linkquality":88,"over_current_breaker":null,"over_current_threshold":null,"over_voltage_breaker":null,"over_voltage_threshold":null,"overload_breaker":null,"overload_threshold":null,"power_a":0,"power_b":0,"power_c":0,"state":"ON","temperature":25,"under_voltage_breaker":null,"under_voltage_threshold":null,"voltage_a":242.1,"voltage_b":241.3,"voltage_c":239.3}'
[2026-09-02 10:43:36] [32minfo[39m: 	z2m:mqtt: MQTT publish: topic 'zigbee2mqtt/HallBreakerKitchenInduction', payload '{"current_a":0,"current_b":0,"current_c":0,"device":{"applicationVersion":74,"dateCode":"","friendlyName":"HallBreakerKitchenInduction","hardwareVersion":1,"ieeeAddr":"0xa4c138278695ef31","manufacturerID":4417,"manufacturerName":"_TZE204_wbhaespm","model":"ZXB3-125","networkAddress":36651,"powerSource":"Mains (single phase)","stackVersion":0,"type":"Router","zclVersion":3},"energy":180.92,"faults":[],"high_temperature_breaker":null,"high_temperature_threshold":null,"insufficient_balance_breaker":null,"insufficient_balance_threshold":null,"leakage_breaker":null,"leakage_test":null,"leakage_threshold":null,"linkquality":88,"over_current_breaker":null,"over_current_threshold":null,"over_voltage_breaker":null,"over_voltage_threshold":null,"overload_breaker":null,"overload_threshold":null,"power_a":0,"power_b":0,"power_c":0,"state":"ON","temperature":25,"under_voltage_breaker":null,"under_voltage_threshold":null,"voltage_a":242.1,"voltage_b":241.3,"voltage_c":239.3}'
[2026-09-02 10:43:38] [32minfo[39m: 	z2m:mqtt: MQTT publish: topic 'zigbee2mqtt/HallBreakerKitchenInduction', payload '{"current_a":0,"current_b":0,"current_c":0,"device":{"applicationVersion":74,"dateCode":"","friendlyName":"HallBreakerKitchenInduction","hardwareVersion":1,"ieeeAddr":"0xa4c138278695ef31","manufacturerID":4417,"manufacturerName":"_TZE204_wbhaespm","model":"ZXB3-125","networkAddress":36651,"powerSource":"Mains (single phase)","stackVersion":0,"type":"Router","zclVersion":3},"energy":180.92,"faults":[],"high_temperature_breaker":null,"high_temperature_threshold":null,"insufficient_balance_breaker":null,"insufficient_balance_threshold":null,"leakage_breaker":null,"leakage_test":null,"leakage_threshold":null,"linkquality":100,"over_current_breaker":null,"over_current_threshold":null,"over_voltage_breaker":null,"over_voltage_threshold":null,"overload_breaker":null,"overload_threshold":null,"power_a":0,"power_b":0,"power_c":0,"state":"ON","temperature":25,"under_voltage_breaker":null,"under_voltage_threshold":null,"voltage_a":242.1,"voltage_b":241.3,"voltage_c":239.3}'
[2026-09-02 10:43:39] [32minfo[39m: 	z2m:mqtt: MQTT publish: topic 'zigbee2mqtt/HallBreakerFA12', payload '{"child_lock":null,"countdown":null,"current":0,"device":{"applicationVersion":75,"dateCode":"","friendlyName":"HallBreakerFA12","hardwareVersion":1,"ieeeAddr":"0x94b216fffe897bfb","manufacturerID":4098,"manufacturerName":"_TZ3000_cayepv1a","model":"TO-Q-SY2-163JZT","networkAddress":27025,"powerSource":"Mains (single phase)","stackVersion":0,"type":"Router","zclVersion":3},"energy":0.33,"indicator_mode":null,"linkquality":140,"over_current_breaker":null,"over_current_threshold":null,"over_voltage_breaker":null,"over_voltage_threshold":null,"power":0,"power_breaker":null,"power_outage_memory":null,"power_threshold":null,"state":"ON","temperature":31.45,"temperature_breaker":null,"temperature_threshold":null,"under_voltage_breaker":null,"under_voltage_threshold":null,"update":{"installed_version":-1,"latest_version":-1,"state":null},"voltage":239}'
[2026-09-02 10:43:39] [32minfo[39m: 	z2m:mqtt: MQTT publish: topic 'zigbee2mqtt/LivingRoomLinearDimmer', payload '{"brightness":32,"device":{"applicationVersion":1,"dateCode":"20250305","friendlyName":"LivingRoomLinearDimmer","hardwareVersion":2,"ieeeAddr":"0xa4c1388b709b209c","manufacturerID":4687,"manufacturerName":"GLEDOPTO","model":"GL-C-009P","networkAddress":30929,"powerSource":"Mains (single phase)","softwareBuildID":"20551203","stackVersion":2,"type":"Router","zclVersion":3},"effect":null,"identify":null,"linkquality":128,"power_on_behavior":null,"state":"OFF","update":{"installed_version":620834817,"latest_release_notes":null,"latest_source":null,"latest_version":620834817,"state":"idle"}}'
[2026-09-02 10:43:39] [32minfo[39m: 	z2m:mqtt: MQTT publish: topic 'zigbee2mqtt/HallBreakerFA12', payload '{"child_lock":null,"countdown":null,"current":0,"device":{"applicationVersion":75,"dateCode":"","friendlyName":"HallBreakerFA12","hardwareVersion":1,"ieeeAddr":"0x94b216fffe897bfb","manufacturerID":4098,"manufacturerName":"_TZ3000_cayepv1a","model":"TO-Q-SY2-163JZT","networkAddress":27025,"powerSource":"Mains (single phase)","stackVersion":0,"type":"Router","zclVersion":3},"energy":0.33,"indicator_mode":null,"linkquality":108,"over_current_breaker":null,"over_current_threshold":null,"over_voltage_breaker":null,"over_voltage_threshold":null,"power":0,"power_breaker":null,"power_outage_memory":null,"power_threshold":null,"state":"ON","temperature":31.45,"temperature_breaker":null,"temperature_threshold":null,"under_voltage_breaker":null,"under_voltage_threshold":null,"update":{"installed_version":-1,"latest_version":-1,"state":null},"voltage":239}'
[2026-09-02 10:43:40] [32minfo[39m: 	z2m:mqtt: MQTT publish: topic 'zigbee2mqtt/HallBreakerKitchenInduction', payload '{"current_a":0,"current_b":0,"current_c":0,"device":{"applicationVersion":74,"dateCode":"","friendlyName":"HallBreakerKitchenInduction","hardwareVersion":1,"ieeeAddr":"0xa4c138278695ef31","manufacturerID":4417,"manufacturerName":"_TZE204_wbhaespm","model":"ZXB3-125","networkAddress":36651,"powerSource":"Mains (single phase)","stackVersion":0,"type":"Router","zclVersion":3},"energy":180.92,"faults":[],"high_temperature_breaker":null,"high_temperature_threshold":null,"insufficient_balance_breaker":null,"insufficient_balance_threshold":null,"leakage_breaker":null,"leakage_test":null,"leakage_threshold":null,"linkquality":100,"over_current_breaker":null,"over_current_threshold":null,"over_voltage_breaker":null,"over_voltage_threshold":null,"overload_breaker":null,"overload_threshold":null,"power_a":0,"power_b":0,"power_c":0,"state":"ON","temperature":28,"under_voltage_breaker":null,"under_voltage_threshold":null,"voltage_a":242.1,"voltage_b":241.3,"voltage_c":239.3}'
[2026-09-02 10:43:43] [32minfo[39m: 	z2m:mqtt: MQTT publish: topic 'zigbee2mqtt/HallBreakerMain', payload '{"current_a":0,"current_b":1.282,"current_c":0,"device":{"applicationVersion":74,"dateCode":"","friendlyName":"HallBreakerMain","hardwareVersion":1,"ieeeAddr":"0xa4c1381647fb6fe1","manufacturerID":4417,"manufacturerName":"_TZE204_wbhaespm","model":"ZXB3-125","networkAddress":23144,"powerSource":"Mains (single phase)","stackVersion":0,"type":"Router","zclVersion":3},"energy":758.31,"faults":[],"high_temperature_breaker":null,"high_temperature_threshold":null,"insufficient_balance_breaker":null,"insufficient_balance_threshold":null,"leakage_breaker":null,"leakage_test":null,"leakage_threshold":null,"linkquality":100,"over_current_breaker":null,"over_current_threshold":null,"over_voltage_breaker":null,"over_voltage_threshold":null,"overload_breaker":null,"overload_threshold":null,"power_a":0,"power_b":159,"power_c":0,"state":"ON","temperature":25,"under_voltage_breaker":null,"under_voltage_threshold":null,"voltage_a":241.5,"voltage_b":240.6,"voltage_c":239.3}'
[2026-09-02 10:43:44] [32minfo[39m: 	z2m:mqtt: MQTT publish: topic 'zigbee2mqtt/HallBreakerMain', payload '{"current_a":0,"current_b":1.282,"current_c":0,"device":{"applicationVersion":74,"dateCode":"","friendlyName":"HallBreakerMain","hardwareVersion":1,"ieeeAddr":"0xa4c1381647fb6fe1","manufacturerID":4417,"manufacturerName":"_TZE204_wbhaespm","model":"ZXB3-125","networkAddress":23144,"powerSource":"Mains (single phase)","stackVersion":0,"type":"Router","zclVersion":3},"energy":758.31,"faults":[],"high_temperature_breaker":null,"high_temperature_threshold":null,"insufficient_balance_breaker":null,"insufficient_balance_threshold":null,"leakage_breaker":null,"leakage_test":null,"leakage_threshold":null,"linkquality":76,"over_current_breaker":null,"over_current_threshold":null,"over_voltage_breaker":null,"over_voltage_threshold":null,"overload_breaker":null,"overload_threshold":null,"power_a":0,"power_b":159,"power_c":0,"state":"ON","temperature":25,"under_voltage_breaker":null,"under_voltage_threshold":null,"voltage_a":241.5,"voltage_b":240.6,"voltage_c":239.3}'
[2026-09-02 10:43:44] [32minfo[39m: 	z2m:mqtt: MQTT publish: topic 'zigbee2mqtt/HallBreakerMain', payload '{"current_a":0,"current_b":1.282,"current_c":0,"device":{"applicationVersion":74,"dateCode":"","friendlyName":"HallBreakerMain","hardwareVersion":1,"ieeeAddr":"0xa4c1381647fb6fe1","manufacturerID":4417,"manufacturerName":"_TZE204_wbhaespm","model":"ZXB3-125","networkAddress":23144,"powerSource":"Mains (single phase)","stackVersion":0,"type":"Router","zclVersion":3},"energy":758.31,"faults":[],"high_temperature_breaker":null,"high_temperature_threshold":null,"insufficient_balance_breaker":null,"insufficient_balance_threshold":null,"leakage_breaker":null,"leakage_test":null,"leakage_threshold":null,"linkquality":76,"over_current_breaker":null,"over_current_threshold":null,"over_voltage_breaker":null,"over_voltage_threshold":null,"overload_breaker":null,"overload_threshold":null,"power_a":0,"power_b":159,"power_c":0,"state":"ON","temperature":25,"under_voltage_breaker":null,"under_voltage_threshold":null,"voltage_a":241.5,"voltage_b":240.6,"voltage_c":239.3}'
[2026-09-02 10:43:45] [32minfo[39m: 	z2m:mqtt: MQTT publish: topic 'zigbee2mqtt/KitchenSocketDishwasher', payload '{"child_lock":"UNLOCK","countdown":0,"current":0,"device":{"applicationVersion":112,"friendlyName":"KitchenSocketDishwasher","hardwareVersion":0,"ieeeAddr":"0xa4c1382292dbe653","manufacturerID":4107,"manufacturerName":"_TZ3000_cehuw1lw","model":"TS011F_plug_3","networkAddress":4926,"powerSource":"Mains (single phase)","softwareBuildID":"1.0.5\u0000","stackVersion":2,"type":"Router","zclVersion":3},"energy":43.16,"indicator_mode":"off/on","linkquality":84,"power":0,"power_outage_memory":"restore","state":"ON","update":{"installed_version":-1,"latest_version":-1,"state":null},"voltage":236}'
[2026-09-02 10:43:46] [32minfo[39m: 	z2m:mqtt: MQTT publish: topic 'zigbee2mqtt/HallBreakerKitchenInduction', payload '{"current_a":0,"current_b":0,"current_c":0,"device":{"applicationVersion":74,"dateCode":"","friendlyName":"HallBreakerKitchenInduction","hardwareVersion":1,"ieeeAddr":"0xa4c138278695ef31","manufacturerID":4417,"manufacturerName":"_TZE204_wbhaespm","model":"ZXB3-125","networkAddress":36651,"powerSource":"Mains (single phase)","stackVersion":0,"type":"Router","zclVersion":3},"energy":180.92,"faults":[],"high_temperature_breaker":null,"high_temperature_threshold":null,"insufficient_balance_breaker":null,"insufficient_balance_threshold":null,"leakage_breaker":null,"leakage_test":null,"leakage_threshold":null,"linkquality":84,"over_current_breaker":null,"over_current_threshold":null,"over_voltage_breaker":null,"over_voltage_threshold":null,"overload_breaker":null,"overload_threshold":null,"power_a":0,"power_b":0,"power_c":0,"state":"ON","temperature":28,"under_voltage_breaker":null,"under_voltage_threshold":null,"voltage_a":242.1,"voltage_b":241.3,"voltage_c":239.3}'
[2026-09-02 10:43:46] [32minfo[39m: 	z2m:mqtt: MQTT publish: topic 'zigbee2mqtt/HallBreakerMain', payload '{"current_a":0,"current_b":1.282,"current_c":0,"device":{"applicationVersion":74,"dateCode":"","friendlyName":"HallBreakerMain","hardwareVersion":1,"ieeeAddr":"0xa4c1381647fb6fe1","manufacturerID":4417,"manufacturerName":"_TZE204_wbhaespm","model":"ZXB3-125","networkAddress":23144,"powerSource":"Mains (single phase)","stackVersion":0,"type":"Router","zclVersion":3},"energy":758.31,"faults":[],"high_temperature_breaker":null,"high_temperature_threshold":null,"insufficient_balance_breaker":null,"insufficient_balance_threshold":null,"leakage_breaker":null,"leakage_test":null,"leakage_threshold":null,"linkquality":80,"over_current_breaker":null,"over_current_threshold":null,"over_voltage_breaker":null,"over_voltage_threshold":null,"overload_breaker":null,"overload_threshold":null,"power_a":0,"power_b":159,"power_c":0,"state":"ON","temperature":25,"under_voltage_breaker":null,"under_voltage_threshold":null,"voltage_a":241.5,"voltage_b":240.6,"voltage_c":239.3}'
[2026-09-02 10:43:46] [32minfo[39m: 	z2m:mqtt: MQTT publish: topic 'zigbee2mqtt/HallBreakerKitchenInduction', payload '{"current_a":0,"current_b":0,"current_c":0,"device":{"applicationVersion":74,"dateCode":"","friendlyName":"HallBreakerKitchenInduction","hardwareVersion":1,"ieeeAddr":"0xa4c138278695ef31","manufacturerID":4417,"manufacturerName":"_TZE204_wbhaespm","model":"ZXB3-125","networkAddress":36651,"powerSource":"Mains (single phase)","stackVersion":0,"type":"Router","zclVersion":3},"energy":180.92,"faults":[],"high_temperature_breaker":null,"high_temperature_threshold":null,"insufficient_balance_breaker":null,"insufficient_balance_threshold":null,"leakage_breaker":null,"leakage_test":null,"leakage_threshold":null,"linkquality":88,"over_current_breaker":null,"over_current_threshold":null,"over_voltage_breaker":null,"over_voltage_threshold":null,"overload_breaker":null,"overload_threshold":null,"power_a":0,"power_b":0,"power_c":0,"state":"ON","temperature":28,"under_voltage_breaker":null,"under_voltage_threshold":null,"voltage_a":242.1,"voltage_b":241.3,"voltage_c":239.3}'
[2026-09-02 10:43:47] [32minfo[39m: 	z2m:mqtt: MQTT publish: topic 'zigbee2mqtt/HallBreakerFA12', payload '{"child_lock":null,"countdown":null,"current":0,"device":{"applicationVersion":75,"dateCode":"","friendlyName":"HallBreakerFA12","hardwareVersion":1,"ieeeAddr":"0x94b216fffe897bfb","manufacturerID":4098,"manufacturerName":"_TZ3000_cayepv1a","model":"TO-Q-SY2-163JZT","networkAddress":27025,"powerSource":"Mains (single phase)","stackVersion":0,"type":"Router","zclVersion":3},"energy":0.33,"indicator_mode":null,"linkquality":108,"over_current_breaker":null,"over_current_threshold":null,"over_voltage_breaker":null,"over_voltage_threshold":null,"power":0,"power_breaker":null,"power_outage_memory":null,"power_threshold":null,"state":"ON","temperature":31.45,"temperature_breaker":null,"temperature_threshold":null,"under_voltage_breaker":null,"under_voltage_threshold":null,"update":{"installed_version":-1,"latest_version":-1,"state":null},"voltage":239}'
[2026-09-02 10:43:47] [32minfo[39m: 	z2m:mqtt: MQTT publish: topic 'zigbee2mqtt/HallBreakerFA12', payload '{"child_lock":null,"countdown":null,"current":0,"device":{"applicationVersion":75,"dateCode":"","friendlyName":"HallBreakerFA12","hardwareVersion":1,"ieeeAddr":"0x94b216fffe897bfb","manufacturerID":4098,"manufacturerName":"_TZ3000_cayepv1a","model":"TO-Q-SY2-163JZT","networkAddress":27025,"powerSource":"Mains (single phase)","stackVersion":0,"type":"Router","zclVersion":3},"energy":0.33,"indicator_mode":null,"linkquality":108,"over_current_breaker":null,"over_current_threshold":null,"over_voltage_breaker":null,"over_voltage_threshold":null,"power":0,"power_breaker":null,"power_outage_memory":null,"power_threshold":null,"state":"ON","temperature":31.45,"temperature_breaker":null,"temperature_threshold":null,"under_voltage_breaker":null,"under_voltage_threshold":null,"update":{"installed_version":-1,"latest_version":-1,"state":null},"voltage":239}'
[2026-09-02 10:43:47] [32minfo[39m: 	z2m:mqtt: MQTT publish: topic 'zigbee2mqtt/KitchenSocketFridge', payload '{"child_lock":"UNLOCK","countdown":0,"current":0.17,"device":{"applicationVersion":112,"friendlyName":"KitchenSocketFridge","hardwareVersion":0,"ieeeAddr":"0xa4c138460c83974f","manufacturerID":4107,"manufacturerName":"_TZ3000_cehuw1lw","model":"TS011F_plug_3","networkAddress":30791,"powerSource":"Mains (single phase)","softwareBuildID":"1.0.5\u0000","stackVersion":2,"type":"Router","zclVersion":3},"energy":88.92,"indicator_mode":"off/on","linkquality":136,"power":25,"power_outage_memory":"on","state":"ON","update":{"installed_version":-1,"latest_version":-1,"state":null},"voltage":237}'
[2026-09-02 10:43:47] [33mwarning[39m: 	z2m: Failed to ping 'BedroomBulb2' (attempt 1/1, ZCL command 0x0c2a6ffffe08159a/1 genBasic.read(["zclVersion"], {"timeout":10000,"disableResponse":false,"disableRecovery":true,"disableDefaultResponse":true,"direction":0,"reservedBits":0,"writeUndiv":false,"sendPolicy":"immediate"}) failed ({"target":20741,"apsFrame":{"profileId":260,"clusterId":0,"sourceEndpoint":1,"destinationEndpoint":1,"options":4416,"groupId":0,"sequence":151},"zclSequence":1,"commandIdentifier":1} timed out after 10000ms))
[2026-09-02 10:43:49] [32minfo[39m: 	z2m:mqtt: MQTT publish: topic 'zigbee2mqtt/HallEntranceIlluminance', payload '{"battery":50,"device":{"applicationVersion":151,"dateCode":"26022026","friendlyName":"HallEntranceIlluminance","hardwareVersion":1,"ieeeAddr":"0xa4c1386c6faff53b","manufacturerID":4742,"manufacturerName":"HOBEIAN","model":"ZG-106Z","networkAddress":28272,"powerSource":"Battery","softwareBuildID":"0126022026","stackVersion":2,"type":"EndDevice","zclVersion":3},"illuminance":5,"linkquality":100,"voltage":2700}'
[2026-09-02 10:43:49] [32minfo[39m: 	z2m:mqtt: MQTT publish: topic 'zigbee2mqtt/HallBreakerKitchenInduction', payload '{"current_a":0,"current_b":0,"current_c":0,"device":{"applicationVersion":74,"dateCode":"","friendlyName":"HallBreakerKitchenInduction","hardwareVersion":1,"ieeeAddr":"0xa4c138278695ef31","manufacturerID":4417,"manufacturerName":"_TZE204_wbhaespm","model":"ZXB3-125","networkAddress":36651,"powerSource":"Mains (single phase)","stackVersion":0,"type":"Router","zclVersion":3},"energy":180.92,"faults":[],"high_temperature_breaker":null,"high_temperature_threshold":null,"insufficient_balance_breaker":null,"insufficient_balance_threshold":null,"leakage_breaker":null,"leakage_test":null,"leakage_threshold":null,"linkquality":100,"over_current_breaker":null,"over_current_threshold":null,"over_voltage_breaker":null,"over_voltage_threshold":null,"overload_breaker":null,"overload_threshold":null,"power_a":0,"power_b":0,"power_c":0,"state":"ON","temperature":28,"under_voltage_breaker":null,"under_voltage_threshold":null,"voltage_a":242.1,"voltage_b":241.3,"voltage_c":239.3}'
[2026-09-02 10:43:50] [32minfo[39m: 	z2m:mqtt: MQTT publish: topic 'zigbee2mqtt/HallBreakerKitchenInduction', payload '{"current_a":0,"current_b":0,"current_c":0,"device":{"applicationVersion":74,"dateCode":"","friendlyName":"HallBreakerKitchenInduction","hardwareVersion":1,"ieeeAddr":"0xa4c138278695ef31","manufacturerID":4417,"manufacturerName":"_TZE204_wbhaespm","model":"ZXB3-125","networkAddress":36651,"powerSource":"Mains (single phase)","stackVersion":0,"type":"Router","zclVersion":3},"energy":180.92,"faults":[],"high_temperature_breaker":null,"high_temperature_threshold":null,"insufficient_balance_breaker":null,"insufficient_balance_threshold":null,"leakage_breaker":null,"leakage_test":null,"leakage_threshold":null,"linkquality":112,"over_current_breaker":null,"over_current_threshold":null,"over_voltage_breaker":null,"over_voltage_threshold":null,"overload_breaker":null,"overload_threshold":null,"power_a":0,"power_b":0,"power_c":0,"state":"ON","temperature":25,"under_voltage_breaker":null,"under_voltage_threshold":null,"voltage_a":242.1,"voltage_b":241.3,"voltage_c":239.3}'
[2026-09-02 10:43:53] [32minfo[39m: 	z2m:mqtt: MQTT publish: topic 'zigbee2mqtt/HallBreakerMain', payload '{"current_a":0,"current_b":1.339,"current_c":0,"device":{"applicationVersion":74,"dateCode":"","friendlyName":"HallBreakerMain","hardwareVersion":1,"ieeeAddr":"0xa4c1381647fb6fe1","manufacturerID":4417,"manufacturerName":"_TZE204_wbhaespm","model":"ZXB3-125","networkAddress":23144,"powerSource":"Mains (single phase)","stackVersion":0,"type":"Router","zclVersion":3},"energy":758.31,"faults":[],"high_temperature_breaker":null,"high_temperature_threshold":null,"insufficient_balance_breaker":null,"insufficient_balance_threshold":null,"leakage_breaker":null,"leakage_test":null,"leakage_threshold":null,"linkquality":116,"over_current_breaker":null,"over_current_threshold":null,"over_voltage_breaker":null,"over_voltage_threshold":null,"overload_breaker":null,"overload_threshold":null,"power_a":0,"power_b":179,"power_c":0,"state":"ON","temperature":25,"under_voltage_breaker":null,"under_voltage_threshold":null,"voltage_a":241.5,"voltage_b":240.5,"voltage_c":239.3}'
[2026-09-02 10:43:53] [32minfo[39m: 	z2m:mqtt: MQTT publish: topic 'zigbee2mqtt/HallBreakerMain', payload '{"current_a":0,"current_b":1.339,"current_c":0,"device":{"applicationVersion":74,"dateCode":"","friendlyName":"HallBreakerMain","hardwareVersion":1,"ieeeAddr":"0xa4c1381647fb6fe1","manufacturerID":4417,"manufacturerName":"_TZE204_wbhaespm","model":"ZXB3-125","networkAddress":23144,"powerSource":"Mains (single phase)","stackVersion":0,"type":"Router","zclVersion":3},"energy":758.32,"faults":[],"high_temperature_breaker":null,"high_temperature_threshold":null,"insufficient_balance_breaker":null,"insufficient_balance_threshold":null,"leakage_breaker":null,"leakage_test":null,"leakage_threshold":null,"linkquality":112,"over_current_breaker":null,"over_current_threshold":null,"over_voltage_breaker":null,"over_voltage_threshold":null,"overload_breaker":null,"overload_threshold":null,"power_a":0,"power_b":179,"power_c":0,"state":"ON","temperature":25,"under_voltage_breaker":null,"under_voltage_threshold":null,"voltage_a":241.5,"voltage_b":240.5,"voltage_c":239.3}'
[2026-09-02 10:43:54] [32minfo[39m: 	z2m:mqtt: MQTT publish: topic 'zigbee2mqtt/HallBreakerMain', payload '{"current_a":0,"current_b":1.339,"current_c":0,"device":{"applicationVersion":74,"dateCode":"","friendlyName":"HallBreakerMain","hardwareVersion":1,"ieeeAddr":"0xa4c1381647fb6fe1","manufacturerID":4417,"manufacturerName":"_TZE204_wbhaespm","model":"ZXB3-125","networkAddress":23144,"powerSource":"Mains (single phase)","stackVersion":0,"type":"Router","zclVersion":3},"energy":758.32,"faults":[],"high_temperature_breaker":null,"high_temperature_threshold":null,"insufficient_balance_breaker":null,"insufficient_balance_threshold":null,"leakage_breaker":null,"leakage_test":null,"leakage_threshold":null,"linkquality":112,"over_current_breaker":null,"over_current_threshold":null,"over_voltage_breaker":null,"over_voltage_threshold":null,"overload_breaker":null,"overload_threshold":null,"power_a":0,"power_b":179,"power_c":0,"state":"ON","temperature":25,"under_voltage_breaker":null,"under_voltage_threshold":null,"voltage_a":241.5,"voltage_b":240.5,"voltage_c":239.3}'
[2026-09-02 10:43:56] [32minfo[39m: 	z2m:mqtt: MQTT publish: topic 'zigbee2mqtt/HallBreakerKitchenInduction', payload '{"current_a":0,"current_b":0,"current_c":0,"device":{"applicationVersion":74,"dateCode":"","friendlyName":"HallBreakerKitchenInduction","hardwareVersion":1,"ieeeAddr":"0xa4c138278695ef31","manufacturerID":4417,"manufacturerName":"_TZE204_wbhaespm","model":"ZXB3-125","networkAddress":36651,"powerSource":"Mains (single phase)","stackVersion":0,"type":"Router","zclVersion":3},"energy":180.92,"faults":[],"high_temperature_breaker":null,"high_temperature_threshold":null,"insufficient_balance_breaker":null,"insufficient_balance_threshold":null,"leakage_breaker":null,"leakage_test":null,"leakage_threshold":null,"linkquality":108,"over_current_breaker":null,"over_current_threshold":null,"over_voltage_breaker":null,"over_voltage_threshold":null,"overload_breaker":null,"overload_threshold":null,"power_a":0,"power_b":0,"power_c":0,"state":"ON","temperature":25,"under_voltage_breaker":null,"under_voltage_threshold":null,"voltage_a":242.1,"voltage_b":241.3,"voltage_c":239.3}'
[2026-09-02 10:43:56] [32minfo[39m: 	z2m:mqtt: MQTT publish: topic 'zigbee2mqtt/HallBreakerMain', payload '{"current_a":0,"current_b":1.339,"current_c":0,"device":{"applicationVersion":74,"dateCode":"","friendlyName":"HallBreakerMain","hardwareVersion":1,"ieeeAddr":"0xa4c1381647fb6fe1","manufacturerID":4417,"manufacturerName":"_TZE204_wbhaespm","model":"ZXB3-125","networkAddress":23144,"powerSource":"Mains (single phase)","stackVersion":0,"type":"Router","zclVersion":3},"energy":758.32,"faults":[],"high_temperature_breaker":null,"high_temperature_threshold":null,"insufficient_balance_breaker":null,"insufficient_balance_threshold":null,"leakage_breaker":null,"leakage_test":null,"leakage_threshold":null,"linkquality":112,"over_current_breaker":null,"over_current_threshold":null,"over_voltage_breaker":null,"over_voltage_threshold":null,"overload_breaker":null,"overload_threshold":null,"power_a":0,"power_b":179,"power_c":0,"state":"ON","temperature":25,"under_voltage_breaker":null,"under_voltage_threshold":null,"voltage_a":241.5,"voltage_b":240.5,"voltage_c":239.3}'
[2026-09-02 10:43:56] [32minfo[39m: 	z2m:mqtt: MQTT publish: topic 'zigbee2mqtt/HallBreakerKitchenInduction', payload '{"current_a":0,"current_b":0,"current_c":0,"device":{"applicationVersion":74,"dateCode":"","friendlyName":"HallBreakerKitchenInduction","hardwareVersion":1,"ieeeAddr":"0xa4c138278695ef31","manufacturerID":4417,"manufacturerName":"_TZE204_wbhaespm","model":"ZXB3-125","networkAddress":36651,"powerSource":"Mains (single phase)","stackVersion":0,"type":"Router","zclVersion":3},"energy":180.92,"faults":[],"high_temperature_breaker":null,"high_temperature_threshold":null,"insufficient_balance_breaker":null,"insufficient_balance_threshold":null,"leakage_breaker":null,"leakage_test":null,"leakage_threshold":null,"linkquality":112,"over_current_breaker":null,"over_current_threshold":null,"over_voltage_breaker":null,"over_voltage_threshold":null,"overload_breaker":null,"overload_threshold":null,"power_a":0,"power_b":0,"power_c":0,"state":"ON","temperature":25,"under_voltage_breaker":null,"under_voltage_threshold":null,"voltage_a":242.1,"voltage_b":241.3,"voltage_c":239.3}'
[2026-09-02 10:43:58] [32minfo[39m: 	z2m:mqtt: MQTT publish: topic 'zigbee2mqtt/HallPIRSensorMain', payload '{"battery":100,"battery_low":false,"device":{"applicationVersion":75,"dateCode":"","friendlyName":"HallPIRSensorMain","hardwareVersion":1,"ieeeAddr":"0xa4c13812aebbdaa0","manufacturerID":4417,"manufacturerName":"_TZ3040_o4mkahkc","model":"ZP01","networkAddress":24729,"powerSource":"Battery","stackVersion":0,"type":"EndDevice","zclVersion":3},"linkquality":112,"occupancy":true,"tamper":false,"voltage":2900}'
[2026-09-02 10:43:58] [32minfo[39m: 	z2m:mqtt: MQTT publish: topic 'zigbee2mqtt/HallBreakerKitchenInduction', payload '{"current_a":0,"current_b":0,"current_c":0,"device":{"applicationVersion":74,"dateCode":"","friendlyName":"HallBreakerKitchenInduction","hardwareVersion":1,"ieeeAddr":"0xa4c138278695ef31","manufacturerID":4417,"manufacturerName":"_TZE204_wbhaespm","model":"ZXB3-125","networkAddress":36651,"powerSource":"Mains (single phase)","stackVersion":0,"type":"Router","zclVersion":3},"energy":180.92,"faults":[],"high_temperature_breaker":null,"high_temperature_threshold":null,"insufficient_balance_breaker":null,"insufficient_balance_threshold":null,"leakage_breaker":null,"leakage_test":null,"leakage_threshold":null,"linkquality":80,"over_current_breaker":null,"over_current_threshold":null,"over_voltage_breaker":null,"over_voltage_threshold":null,"overload_breaker":null,"overload_threshold":null,"power_a":0,"power_b":0,"power_c":0,"state":"ON","temperature":25,"under_voltage_breaker":null,"under_voltage_threshold":null,"voltage_a":242.1,"voltage_b":241.3,"voltage_c":239.3}'
[2026-09-02 10:43:59] [32minfo[39m: 	z2m:mqtt: MQTT publish: topic 'zigbee2mqtt/HallEntranceIlluminance', payload '{"battery":50,"device":{"applicationVersion":151,"dateCode":"26022026","friendlyName":"HallEntranceIlluminance","hardwareVersion":1,"ieeeAddr":"0xa4c1386c6faff53b","manufacturerID":4742,"manufacturerName":"HOBEIAN","model":"ZG-106Z","networkAddress":28272,"powerSource":"Battery","softwareBuildID":"0126022026","stackVersion":2,"type":"EndDevice","zclVersion":3},"illuminance":5,"linkquality":180,"voltage":2700}'
[2026-09-02 10:43:59] [33mwarning[39m: 	z2m: Failed to ping 'BedroomBulb1' (attempt 1/1, ZCL command 0x6cfd22fffee99de5/1 genBasic.read(["zclVersion"], {"timeout":10000,"disableResponse":false,"disableRecovery":true,"disableDefaultResponse":true,"direction":0,"reservedBits":0,"writeUndiv":false,"sendPolicy":"immediate"}) failed ({"target":54257,"apsFrame":{"profileId":260,"clusterId":0,"sourceEndpoint":1,"destinationEndpoint":1,"options":4416,"groupId":0,"sequence":174},"zclSequence":2,"commandIdentifier":1} timed out after 10000ms))
[2026-09-02 10:44:03] [32minfo[39m: 	z2m:mqtt: MQTT publish: topic 'zigbee2mqtt/HallBreakerMain', payload '{"current_a":0,"current_b":1.235,"current_c":0,"device":{"applicationVersion":74,"dateCode":"","friendlyName":"HallBreakerMain","hardwareVersion":1,"ieeeAddr":"0xa4c1381647fb6fe1","manufacturerID":4417,"manufacturerName":"_TZE204_wbhaespm","model":"ZXB3-125","networkAddress":23144,"powerSource":"Mains (single phase)","stackVersion":0,"type":"Router","zclVersion":3},"energy":758.32,"faults":[],"high_temperature_breaker":null,"high_temperature_threshold":null,"insufficient_balance_breaker":null,"insufficient_balance_threshold":null,"leakage_breaker":null,"leakage_test":null,"leakage_threshold":null,"linkquality":68,"over_current_breaker":null,"over_current_threshold":null,"over_voltage_breaker":null,"over_voltage_threshold":null,"overload_breaker":null,"overload_threshold":null,"power_a":0,"power_b":143,"power_c":0,"state":"ON","temperature":25,"under_voltage_breaker":null,"under_voltage_threshold":null,"voltage_a":241.5,"voltage_b":240.6,"voltage_c":239.3}'
[2026-09-02 10:44:04] [32minfo[39m: 	z2m:mqtt: MQTT publish: topic 'zigbee2mqtt/HallBreakerMain', payload '{"current_a":0,"current_b":1.235,"current_c":0,"device":{"applicationVersion":74,"dateCode":"","friendlyName":"HallBreakerMain","hardwareVersion":1,"ieeeAddr":"0xa4c1381647fb6fe1","manufacturerID":4417,"manufacturerName":"_TZE204_wbhaespm","model":"ZXB3-125","networkAddress":23144,"powerSource":"Mains (single phase)","stackVersion":0,"type":"Router","zclVersion":3},"energy":758.32,"faults":[],"high_temperature_breaker":null,"high_temperature_threshold":null,"insufficient_balance_breaker":null,"insufficient_balance_threshold":null,"leakage_breaker":null,"leakage_test":null,"leakage_threshold":null,"linkquality":48,"over_current_breaker":null,"over_current_threshold":null,"over_voltage_breaker":null,"over_voltage_threshold":null,"overload_breaker":null,"overload_threshold":null,"power_a":0,"power_b":143,"power_c":0,"state":"ON","temperature":25,"under_voltage_breaker":null,"under_voltage_threshold":null,"voltage_a":241.5,"voltage_b":240.6,"voltage_c":239.3}'
[2026-09-02 10:44:04] [32minfo[39m: 	z2m:mqtt: MQTT publish: topic 'zigbee2mqtt/HallPIRAdvanced', payload '{"battery":null,"battery_low":false,"device":{"friendlyName":"HallPIRAdvanced","ieeeAddr":"0xa4c138b7eca277e9","manufacturerID":4417,"manufacturerName":"_TZ3040_o4mkahkc","model":"ZP01","networkAddress":15748,"powerSource":"Battery","type":"EndDevice"},"linkquality":104,"occupancy":false,"tamper":false,"voltage":null}'
[2026-09-02 10:44:04] [32minfo[39m: 	z2m:mqtt: MQTT publish: topic 'zigbee2mqtt/HallBreakerMain', payload '{"current_a":0,"current_b":1.235,"current_c":0,"device":{"applicationVersion":74,"dateCode":"","friendlyName":"HallBreakerMain","hardwareVersion":1,"ieeeAddr":"0xa4c1381647fb6fe1","manufacturerID":4417,"manufacturerName":"_TZE204_wbhaespm","model":"ZXB3-125","networkAddress":23144,"powerSource":"Mains (single phase)","stackVersion":0,"type":"Router","zclVersion":3},"energy":758.32,"faults":[],"high_temperature_breaker":null,"high_temperature_threshold":null,"insufficient_balance_breaker":null,"insufficient_balance_threshold":null,"leakage_breaker":null,"leakage_test":null,"leakage_threshold":null,"linkquality":76,"over_current_breaker":null,"over_current_threshold":null,"over_voltage_breaker":null,"over_voltage_threshold":null,"overload_breaker":null,"overload_threshold":null,"power_a":0,"power_b":143,"power_c":0,"state":"ON","temperature":25,"under_voltage_breaker":null,"under_voltage_threshold":null,"voltage_a":241.5,"voltage_b":240.6,"voltage_c":239.3}'
[2026-09-02 10:44:05] [32minfo[39m: 	z2m:mqtt: MQTT publish: topic 'zigbee2mqtt/HallCabinetPIR', payload '{"battery":20,"device":{"applicationVersion":151,"dateCode":"29122025","friendlyName":"HallCabinetPIR","hardwareVersion":1,"ieeeAddr":"0xa4c1385bc54e54bf","manufacturerID":4742,"manufacturerName":"HOBEIAN","model":"ZG-204ZV","networkAddress":24977,"powerSource":"Battery","softwareBuildID":"0129122025","stackVersion":2,"type":"EndDevice","zclVersion":3},"fading_time":null,"humidity":56,"humidity_calibration":0,"illuminance":255,"illuminance_interval":null,"indicator":"OFF","linkquality":72,"motion_detection_sensitivity":null,"presence":true,"temperature":22.4,"temperature_calibration":0,"temperature_unit":"celsius"}'
[2026-09-02 10:44:05] [32minfo[39m: 	z2m:mqtt: MQTT publish: topic 'zigbee2mqtt/HallPIRAdvanced', payload '{"battery":null,"battery_low":false,"device":{"friendlyName":"HallPIRAdvanced","ieeeAddr":"0xa4c138b7eca277e9","manufacturerID":4417,"manufacturerName":"_TZ3040_o4mkahkc","model":"ZP01","networkAddress":15748,"powerSource":"Battery","type":"EndDevice"},"linkquality":92,"occupancy":false,"tamper":false,"voltage":null}'
[2026-09-02 10:44:05] [32minfo[39m: 	z2m:mqtt: MQTT publish: topic 'zigbee2mqtt/HallCabinetPIR', payload '{"battery":20,"device":{"applicationVersion":151,"dateCode":"29122025","friendlyName":"HallCabinetPIR","hardwareVersion":1,"ieeeAddr":"0xa4c1385bc54e54bf","manufacturerID":4742,"manufacturerName":"HOBEIAN","model":"ZG-204ZV","networkAddress":24977,"powerSource":"Battery","softwareBuildID":"0129122025","stackVersion":2,"type":"EndDevice","zclVersion":3},"fading_time":null,"humidity":56,"humidity_calibration":0,"illuminance":291,"illuminance_interval":null,"indicator":"OFF","linkquality":88,"motion_detection_sensitivity":null,"presence":true,"temperature":22.4,"temperature_calibration":0,"temperature_unit":"celsius"}'
[2026-09-02 10:44:06] [32minfo[39m: 	z2m:mqtt: MQTT publish: topic 'zigbee2mqtt/HallBreakerKitchenInduction', payload '{"current_a":0,"current_b":0,"current_c":0,"device":{"applicationVersion":74,"dateCode":"","friendlyName":"HallBreakerKitchenInduction","hardwareVersion":1,"ieeeAddr":"0xa4c138278695ef31","manufacturerID":4417,"manufacturerName":"_TZE204_wbhaespm","model":"ZXB3-125","networkAddress":36651,"powerSource":"Mains (single phase)","stackVersion":0,"type":"Router","zclVersion":3},"energy":180.92,"faults":[],"high_temperature_breaker":null,"high_temperature_threshold":null,"insufficient_balance_breaker":null,"insufficient_balance_threshold":null,"leakage_breaker":null,"leakage_test":null,"leakage_threshold":null,"linkquality":84,"over_current_breaker":null,"over_current_threshold":null,"over_voltage_breaker":null,"over_voltage_threshold":null,"overload_breaker":null,"overload_threshold":null,"power_a":0,"power_b":0,"power_c":0,"state":"ON","temperature":25,"under_voltage_breaker":null,"under_voltage_threshold":null,"voltage_a":242.1,"voltage_b":241.3,"voltage_c":239.3}'
[2026-09-02 10:44:06] [32minfo[39m: 	z2m:mqtt: MQTT publish: topic 'zigbee2mqtt/HallBreakerMain', payload '{"current_a":0,"current_b":1.235,"current_c":0,"device":{"applicationVersion":74,"dateCode":"","friendlyName":"HallBreakerMain","hardwareVersion":1,"ieeeAddr":"0xa4c1381647fb6fe1","manufacturerID":4417,"manufacturerName":"_TZE204_wbhaespm","model":"ZXB3-125","networkAddress":23144,"powerSource":"Mains (single phase)","stackVersion":0,"type":"Router","zclVersion":3},"energy":758.32,"faults":[],"high_temperature_breaker":null,"high_temperature_threshold":null,"insufficient_balance_breaker":null,"insufficient_balance_threshold":null,"leakage_breaker":null,"leakage_test":null,"leakage_threshold":null,"linkquality":88,"over_current_breaker":null,"over_current_threshold":null,"over_voltage_breaker":null,"over_voltage_threshold":null,"overload_breaker":null,"overload_threshold":null,"power_a":0,"power_b":143,"power_c":0,"state":"ON","temperature":25,"under_voltage_breaker":null,"under_voltage_threshold":null,"voltage_a":241.5,"voltage_b":240.6,"voltage_c":239.3}'
[2026-09-02 10:44:06] [32minfo[39m: 	z2m:mqtt: MQTT publish: topic 'zigbee2mqtt/HallBreakerKitchenInduction', payload '{"current_a":0,"current_b":0,"current_c":0,"device":{"applicationVersion":74,"dateCode":"","friendlyName":"HallBreakerKitchenInduction","hardwareVersion":1,"ieeeAddr":"0xa4c138278695ef31","manufacturerID":4417,"manufacturerName":"_TZE204_wbhaespm","model":"ZXB3-125","networkAddress":36651,"powerSource":"Mains (single phase)","stackVersion":0,"type":"Router","zclVersion":3},"energy":180.92,"faults":[],"high_temperature_breaker":null,"high_temperature_threshold":null,"insufficient_balance_breaker":null,"insufficient_balance_threshold":null,"leakage_breaker":null,"leakage_test":null,"leakage_threshold":null,"linkquality":72,"over_current_breaker":null,"over_current_threshold":null,"over_voltage_breaker":null,"over_voltage_threshold":null,"overload_breaker":null,"overload_threshold":null,"power_a":0,"power_b":0,"power_c":0,"state":"ON","temperature":25,"under_voltage_breaker":null,"under_voltage_threshold":null,"voltage_a":242.1,"voltage_b":241.3,"voltage_c":239.3}'
[2026-09-02 10:44:07] [32minfo[39m: 	z2m:mqtt: MQTT publish: topic 'zigbee2mqtt/HallPIRAdvanced', payload '{"battery":null,"battery_low":false,"device":{"friendlyName":"HallPIRAdvanced","ieeeAddr":"0xa4c138b7eca277e9","manufacturerID":4417,"manufacturerName":"_TZ3040_o4mkahkc","model":"ZP01","networkAddress":15748,"powerSource":"Battery","type":"EndDevice"},"linkquality":96,"occupancy":true,"tamper":false,"voltage":null}'
[2026-09-02 10:44:08] [32minfo[39m: 	z2m:mqtt: MQTT publish: topic 'zigbee2mqtt/HallPIRAdvanced', payload '{"battery":null,"battery_low":false,"device":{"friendlyName":"HallPIRAdvanced","ieeeAddr":"0xa4c138b7eca277e9","manufacturerID":4417,"manufacturerName":"_TZ3040_o4mkahkc","model":"ZP01","networkAddress":15748,"powerSource":"Battery","type":"EndDevice"},"linkquality":100,"occupancy":true,"tamper":false,"voltage":null}'
[2026-09-02 10:44:08] [32minfo[39m: 	z2m:mqtt: MQTT publish: topic 'zigbee2mqtt/LivingRoomSocketTableLeft', payload '{"child_lock":null,"countdown":null,"current":0,"device":{"applicationVersion":192,"dateCode":"","friendlyName":"LivingRoomSocketTableLeft","hardwareVersion":1,"ieeeAddr":"0xa4c138cdf963eac3","manufacturerID":4417,"manufacturerName":"_TZ3000_b28wrpvx","model":"TS011F_plug_1_2","networkAddress":5376,"powerSource":"Mains (single phase)","stackVersion":0,"type":"Router","zclVersion":3},"energy":2.87,"identify":null,"indicator_mode":null,"linkquality":180,"power":0,"power_outage_memory":null,"state":"OFF","switch_type_button":null,"update":{"installed_version":-1,"latest_version":-1,"state":null},"voltage":233}'
[2026-09-02 10:44:09] [32minfo[39m: 	z2m:mqtt: MQTT publish: topic 'zigbee2mqtt/HallBreakerKitchenInduction', payload '{"current_a":0,"current_b":0,"current_c":0,"device":{"applicationVersion":74,"dateCode":"","friendlyName":"HallBreakerKitchenInduction","hardwareVersion":1,"ieeeAddr":"0xa4c138278695ef31","manufacturerID":4417,"manufacturerName":"_TZE204_wbhaespm","model":"ZXB3-125","networkAddress":36651,"powerSource":"Mains (single phase)","stackVersion":0,"type":"Router","zclVersion":3},"energy":180.92,"faults":[],"high_temperature_breaker":null,"high_temperature_threshold":null,"insufficient_balance_breaker":null,"insufficient_balance_threshold":null,"leakage_breaker":null,"leakage_test":null,"leakage_threshold":null,"linkquality":76,"over_current_breaker":null,"over_current_threshold":null,"over_voltage_breaker":null,"over_voltage_threshold":null,"overload_breaker":null,"overload_threshold":null,"power_a":0,"power_b":0,"power_c":0,"state":"ON","temperature":25,"under_voltage_breaker":null,"under_voltage_threshold":null,"voltage_a":242.1,"voltage_b":241.3,"voltage_c":239.3}'
[2026-09-02 10:44:09] [32minfo[39m: 	z2m:mqtt: MQTT publish: topic 'zigbee2mqtt/HallPIRSensorEntrance', payload '{"battery":100,"device":{"applicationVersion":145,"friendlyName":"HallPIRSensorEntrance","hardwareVersion":1,"ieeeAddr":"0xa4c138adb5fa215f","manufacturerID":4742,"manufacturerName":"_TZE200_3towulqd","model":"ZG-204ZL","networkAddress":19016,"powerSource":"Battery","softwareBuildID":"0122052017","stackVersion":2,"type":"EndDevice","zclVersion":3},"illuminance":1436,"illuminance_interval":60,"keep_time":"10","linkquality":104,"occupancy":true,"sensitivity":"high"}'
[2026-09-02 10:44:09] [32minfo[39m: 	z2m:mqtt: MQTT publish: topic 'zigbee2mqtt/LivingRoomSocketTableLeft', payload '{"child_lock":null,"countdown":null,"current":0,"device":{"applicationVersion":192,"dateCode":"","friendlyName":"LivingRoomSocketTableLeft","hardwareVersion":1,"ieeeAddr":"0xa4c138cdf963eac3","manufacturerID":4417,"manufacturerName":"_TZ3000_b28wrpvx","model":"TS011F_plug_1_2","networkAddress":5376,"powerSource":"Mains (single phase)","stackVersion":0,"type":"Router","zclVersion":3},"energy":2.87,"identify":null,"indicator_mode":null,"linkquality":148,"power":0,"power_outage_memory":null,"state":"OFF","switch_type_button":null,"update":{"installed_version":-1,"latest_version":-1,"state":null},"voltage":234}'
[2026-09-02 10:44:09] [32minfo[39m: 	z2m:mqtt: MQTT publish: topic 'zigbee2mqtt/HallBereakerFA8', payload '{"child_lock":"UNLOCK","countdown":0,"current":0,"device":{"applicationVersion":75,"dateCode":"","friendlyName":"HallBereakerFA8","hardwareVersion":1,"ieeeAddr":"0x94b216fffe774cc4","manufacturerID":4098,"manufacturerName":"_TZ3000_cayepv1a","model":"TO-Q-SY2-163JZT","networkAddress":23781,"powerSource":"Mains (single phase)","stackVersion":0,"type":"Router","zclVersion":3},"energy":0.48,"indicator_mode":"off/on","linkquality":88,"over_current_breaker":"ON","over_current_threshold":65,"over_voltage_breaker":"ON","over_voltage_threshold":265,"power":0,"power_breaker":"ON","power_outage_memory":"restore","power_threshold":13,"state":"ON","temperature":32.96,"temperature_breaker":"ON","temperature_threshold":100,"under_voltage_breaker":"ON","under_voltage_threshold":75,"update":{"installed_version":-1,"latest_version":-1,"state":null},"voltage":240}'
[2026-09-02 10:44:09] [32minfo[39m: 	z2m:mqtt: MQTT publish: topic 'zigbee2mqtt/HallBereakerFA8', payload '{"child_lock":"UNLOCK","countdown":0,"current":0,"device":{"applicationVersion":75,"dateCode":"","friendlyName":"HallBereakerFA8","hardwareVersion":1,"ieeeAddr":"0x94b216fffe774cc4","manufacturerID":4098,"manufacturerName":"_TZ3000_cayepv1a","model":"TO-Q-SY2-163JZT","networkAddress":23781,"powerSource":"Mains (single phase)","stackVersion":0,"type":"Router","zclVersion":3},"energy":0.48,"indicator_mode":"off/on","linkquality":124,"over_current_breaker":"ON","over_current_threshold":65,"over_voltage_breaker":"ON","over_voltage_threshold":265,"power":0,"power_breaker":"ON","power_outage_memory":"restore","power_threshold":13,"state":"ON","temperature":32.89,"temperature_breaker":"ON","temperature_threshold":100,"under_voltage_breaker":"ON","under_voltage_threshold":75,"update":{"installed_version":-1,"latest_version":-1,"state":null},"voltage":240}'
[2026-09-02 10:44:09] [32minfo[39m: 	z2m:mqtt: MQTT publish: topic 'zigbee2mqtt/HallBereakerFA8', payload '{"child_lock":"UNLOCK","countdown":0,"current":0,"device":{"applicationVersion":75,"dateCode":"","friendlyName":"HallBereakerFA8","hardwareVersion":1,"ieeeAddr":"0x94b216fffe774cc4","manufacturerID":4098,"manufacturerName":"_TZ3000_cayepv1a","model":"TO-Q-SY2-163JZT","networkAddress":23781,"powerSource":"Mains (single phase)","stackVersion":0,"type":"Router","zclVersion":3},"energy":0.48,"indicator_mode":"off/on","linkquality":124,"over_current_breaker":"ON","over_current_threshold":65,"over_voltage_breaker":"ON","over_voltage_threshold":265,"power":0,"power_breaker":"ON","power_outage_memory":"restore","power_threshold":13,"state":"ON","temperature":32.89,"temperature_breaker":"ON","temperature_threshold":100,"under_voltage_breaker":"ON","under_voltage_threshold":75,"update":{"installed_version":-1,"latest_version":-1,"state":null},"voltage":240}'
[2026-09-02 10:44:09] [32minfo[39m: 	z2m:mqtt: MQTT publish: topic 'zigbee2mqtt/HallBereakerFA8', payload '{"child_lock":"UNLOCK","countdown":0,"current":0,"device":{"applicationVersion":75,"dateCode":"","friendlyName":"HallBereakerFA8","hardwareVersion":1,"ieeeAddr":"0x94b216fffe774cc4","manufacturerID":4098,"manufacturerName":"_TZ3000_cayepv1a","model":"TO-Q-SY2-163JZT","networkAddress":23781,"powerSource":"Mains (single phase)","stackVersion":0,"type":"Router","zclVersion":3},"energy":0.48,"indicator_mode":"off/on","linkquality":112,"over_current_breaker":"ON","over_current_threshold":65,"over_voltage_breaker":"ON","over_voltage_threshold":265,"power":0,"power_breaker":"ON","power_outage_memory":"restore","power_threshold":13,"state":"ON","temperature":32.89,"temperature_breaker":"ON","temperature_threshold":100,"under_voltage_breaker":"ON","under_voltage_threshold":75,"update":{"installed_version":-1,"latest_version":-1,"state":null},"voltage":240}'
[2026-09-02 10:44:10] [32minfo[39m: 	z2m:mqtt: MQTT publish: topic 'zigbee2mqtt/HallPIRSensorEntrance', payload '{"battery":100,"device":{"applicationVersion":145,"friendlyName":"HallPIRSensorEntrance","hardwareVersion":1,"ieeeAddr":"0xa4c138adb5fa215f","manufacturerID":4742,"manufacturerName":"_TZE200_3towulqd","model":"ZG-204ZL","networkAddress":19016,"powerSource":"Battery","softwareBuildID":"0122052017","stackVersion":2,"type":"EndDevice","zclVersion":3},"illuminance":1203,"illuminance_interval":60,"keep_time":"10","linkquality":136,"occupancy":true,"sensitivity":"high"}'
[2026-09-02 10:44:11] [33mwarning[39m: 	z2m: Failed to ping 'BedroomBulb3' (attempt 1/1, ZCL command 0x70c59cfffe6c80c3/1 genBasic.read(["zclVersion"], {"timeout":10000,"disableResponse":false,"disableRecovery":true,"disableDefaultResponse":true,"direction":0,"reservedBits":0,"writeUndiv":false,"sendPolicy":"immediate"}) failed ({"target":11327,"apsFrame":{"profileId":260,"clusterId":0,"sourceEndpoint":1,"destinationEndpoint":1,"options":4416,"groupId":0,"sequence":193},"zclSequence":3,"commandIdentifier":1} timed out after 10000ms))
[2026-09-02 10:44:12] [32minfo[39m: 	z2m:mqtt: MQTT publish: topic 'zigbee2mqtt/LivingRoomSocketHA', payload '{"child_lock":null,"countdown":null,"current":0.06,"device":{"applicationVersion":192,"dateCode":"","friendlyName":"LivingRoomSocketHA","hardwareVersion":1,"ieeeAddr":"0xa4c13812088a54ac","manufacturerID":4417,"manufacturerName":"_TZ3000_b28wrpvx","model":"TS011F_plug_1_2","networkAddress":38601,"powerSource":"Mains (single phase)","stackVersion":0,"type":"Router","zclVersion":3},"energy":35.39,"identify":null,"indicator_mode":null,"linkquality":124,"power":6,"power_outage_memory":null,"state":"ON","switch_type_button":null,"update":{"installed_version":-1,"latest_version":-1,"state":null},"voltage":226}'
[2026-09-02 10:44:12] [32minfo[39m: 	z2m:mqtt: MQTT publish: topic 'zigbee2mqtt/WRSocketWindowLeft', payload '{"child_lock":null,"countdown":null,"current":0,"device":{"applicationVersion":77,"dateCode":"","friendlyName":"WRSocketWindowLeft","hardwareVersion":1,"ieeeAddr":"0xa4c138ef578c9f75","manufacturerID":4417,"manufacturerName":"_TZ3000_b28wrpvx","model":"TS011F_plug_1_2","networkAddress":23842,"powerSource":"Mains (single phase)","stackVersion":0,"type":"Router","zclVersion":3},"energy":1.37,"identify":null,"indicator_mode":null,"linkquality":108,"power":0,"power_outage_memory":null,"state":"OFF","switch_type_button":null,"update":{"installed_version":-1,"latest_version":-1,"state":null},"voltage":235}'
[2026-09-02 10:44:13] [32minfo[39m: 	z2m:mqtt: MQTT publish: topic 'zigbee2mqtt/LivingRoomPIREntrance', payload '{"battery":100,"device":{"applicationVersion":145,"friendlyName":"LivingRoomPIREntrance","hardwareVersion":1,"ieeeAddr":"0xa4c1381b8b4eff23","manufacturerID":4742,"manufacturerName":"_TZE200_3towulqd","model":"ZG-204ZL","networkAddress":48812,"powerSource":"Battery","softwareBuildID":"0122052017","stackVersion":2,"type":"EndDevice","zclVersion":3},"illuminance":2689,"illuminance_interval":60,"keep_time":"10","linkquality":88,"occupancy":true,"sensitivity":"high"}'
[2026-09-02 10:44:14] [32minfo[39m: 	z2m:mqtt: MQTT publish: topic 'zigbee2mqtt/HallBreakerMain', payload '{"current_a":0,"current_b":1.226,"current_c":0,"device":{"applicationVersion":74,"dateCode":"","friendlyName":"HallBreakerMain","hardwareVersion":1,"ieeeAddr":"0xa4c1381647fb6fe1","manufacturerID":4417,"manufacturerName":"_TZE204_wbhaespm","model":"ZXB3-125","networkAddress":23144,"powerSource":"Mains (single phase)","stackVersion":0,"type":"Router","zclVersion":3},"energy":758.32,"faults":[],"high_temperature_breaker":null,"high_temperature_threshold":null,"insufficient_balance_breaker":null,"insufficient_balance_threshold":null,"leakage_breaker":null,"leakage_test":null,"leakage_threshold":null,"linkquality":96,"over_current_breaker":null,"over_current_threshold":null,"over_voltage_breaker":null,"over_voltage_threshold":null,"overload_breaker":null,"overload_threshold":null,"power_a":0,"power_b":140,"power_c":0,"state":"ON","temperature":25,"under_voltage_breaker":null,"under_voltage_threshold":null,"voltage_a":241.5,"voltage_b":240.2,"voltage_c":239.3}'
[2026-09-02 10:44:14] [32minfo[39m: 	z2m:mqtt: MQTT publish: topic 'zigbee2mqtt/HallEntranceIlluminance', payload '{"battery":50,"device":{"applicationVersion":151,"dateCode":"26022026","friendlyName":"HallEntranceIlluminance","hardwareVersion":1,"ieeeAddr":"0xa4c1386c6faff53b","manufacturerID":4742,"manufacturerName":"HOBEIAN","model":"ZG-106Z","networkAddress":28272,"powerSource":"Battery","softwareBuildID":"0126022026","stackVersion":2,"type":"EndDevice","zclVersion":3},"illuminance":5,"linkquality":96,"voltage":2700}'
[2026-09-02 10:44:14] [32minfo[39m: 	z2m:mqtt: MQTT publish: topic 'zigbee2mqtt/HallBreakerMain', payload '{"current_a":0,"current_b":1.226,"current_c":0,"device":{"applicationVersion":74,"dateCode":"","friendlyName":"HallBreakerMain","hardwareVersion":1,"ieeeAddr":"0xa4c1381647fb6fe1","manufacturerID":4417,"manufacturerName":"_TZE204_wbhaespm","model":"ZXB3-125","networkAddress":23144,"powerSource":"Mains (single phase)","stackVersion":0,"type":"Router","zclVersion":3},"energy":758.32,"faults":[],"high_temperature_breaker":null,"high_temperature_threshold":null,"insufficient_balance_breaker":null,"insufficient_balance_threshold":null,"leakage_breaker":null,"leakage_test":null,"leakage_threshold":null,"linkquality":92,"over_current_breaker":null,"over_current_threshold":null,"over_voltage_breaker":null,"over_voltage_threshold":null,"overload_breaker":null,"overload_threshold":null,"power_a":0,"power_b":140,"power_c":0,"state":"ON","temperature":25,"under_voltage_breaker":null,"under_voltage_threshold":null,"voltage_a":241.5,"voltage_b":240.2,"voltage_c":239.3}'
[2026-09-02 10:44:14] [32minfo[39m: 	z2m:mqtt: MQTT publish: topic 'zigbee2mqtt/HallBreakerMain', payload '{"current_a":0,"current_b":1.226,"current_c":0,"device":{"applicationVersion":74,"dateCode":"","friendlyName":"HallBreakerMain","hardwareVersion":1,"ieeeAddr":"0xa4c1381647fb6fe1","manufacturerID":4417,"manufacturerName":"_TZE204_wbhaespm","model":"ZXB3-125","networkAddress":23144,"powerSource":"Mains (single phase)","stackVersion":0,"type":"Router","zclVersion":3},"energy":758.32,"faults":[],"high_temperature_breaker":null,"high_temperature_threshold":null,"insufficient_balance_breaker":null,"insufficient_balance_threshold":null,"leakage_breaker":null,"leakage_test":null,"leakage_threshold":null,"linkquality":88,"over_current_breaker":null,"over_current_threshold":null,"over_voltage_breaker":null,"over_voltage_threshold":null,"overload_breaker":null,"overload_threshold":null,"power_a":0,"power_b":140,"power_c":0,"state":"ON","temperature":25,"under_voltage_breaker":null,"under_voltage_threshold":null,"voltage_a":241.5,"voltage_b":240.2,"voltage_c":239.3}'
[2026-09-02 10:44:15] [32minfo[39m: 	z2m:mqtt: MQTT publish: topic 'zigbee2mqtt/WRSocketWindowLeft', payload '{"child_lock":null,"countdown":null,"current":0,"device":{"applicationVersion":77,"dateCode":"","friendlyName":"WRSocketWindowLeft","hardwareVersion":1,"ieeeAddr":"0xa4c138ef578c9f75","manufacturerID":4417,"manufacturerName":"_TZ3000_b28wrpvx","model":"TS011F_plug_1_2","networkAddress":23842,"powerSource":"Mains (single phase)","stackVersion":0,"type":"Router","zclVersion":3},"energy":1.37,"identify":null,"indicator_mode":null,"linkquality":112,"power":0,"power_outage_memory":null,"state":"OFF","switch_type_button":null,"update":{"installed_version":-1,"latest_version":-1,"state":null},"voltage":234}'
[2026-09-02 10:44:16] [32minfo[39m: 	z2m:mqtt: MQTT publish: topic 'zigbee2mqtt/HallBreakerKitchenInduction', payload '{"current_a":0,"current_b":0,"current_c":0,"device":{"applicationVersion":74,"dateCode":"","friendlyName":"HallBreakerKitchenInduction","hardwareVersion":1,"ieeeAddr":"0xa4c138278695ef31","manufacturerID":4417,"manufacturerName":"_TZE204_wbhaespm","model":"ZXB3-125","networkAddress":36651,"powerSource":"Mains (single phase)","stackVersion":0,"type":"Router","zclVersion":3},"energy":180.92,"faults":[],"high_temperature_breaker":null,"high_temperature_threshold":null,"insufficient_balance_breaker":null,"insufficient_balance_threshold":null,"leakage_breaker":null,"leakage_test":null,"leakage_threshold":null,"linkquality":96,"over_current_breaker":null,"over_current_threshold":null,"over_voltage_breaker":null,"over_voltage_threshold":null,"overload_breaker":null,"overload_threshold":null,"power_a":0,"power_b":0,"power_c":0,"state":"ON","temperature":25,"under_voltage_breaker":null,"under_voltage_threshold":null,"voltage_a":242.1,"voltage_b":241.3,"voltage_c":239.3}'
[2026-09-02 10:44:16] [32minfo[39m: 	z2m:mqtt: MQTT publish: topic 'zigbee2mqtt/HallBreakerMain', payload '{"current_a":0,"current_b":1.226,"current_c":0,"device":{"applicationVersion":74,"dateCode":"","friendlyName":"HallBreakerMain","hardwareVersion":1,"ieeeAddr":"0xa4c1381647fb6fe1","manufacturerID":4417,"manufacturerName":"_TZE204_wbhaespm","model":"ZXB3-125","networkAddress":23144,"powerSource":"Mains (single phase)","stackVersion":0,"type":"Router","zclVersion":3},"energy":758.32,"faults":[],"high_temperature_breaker":null,"high_temperature_threshold":null,"insufficient_balance_breaker":null,"insufficient_balance_threshold":null,"leakage_breaker":null,"leakage_test":null,"leakage_threshold":null,"linkquality":96,"over_current_breaker":null,"over_current_threshold":null,"over_voltage_breaker":null,"over_voltage_threshold":null,"overload_breaker":null,"overload_threshold":null,"power_a":0,"power_b":140,"power_c":0,"state":"ON","temperature":25,"under_voltage_breaker":null,"under_voltage_threshold":null,"voltage_a":241.5,"voltage_b":240.2,"voltage_c":239.3}'
[2026-09-02 10:44:16] [32minfo[39m: 	z2m:mqtt: MQTT publish: topic 'zigbee2mqtt/HallBreakerKitchenInduction', payload '{"current_a":0,"current_b":0,"current_c":0,"device":{"applicationVersion":74,"dateCode":"","friendlyName":"HallBreakerKitchenInduction","hardwareVersion":1,"ieeeAddr":"0xa4c138278695ef31","manufacturerID":4417,"manufacturerName":"_TZE204_wbhaespm","model":"ZXB3-125","networkAddress":36651,"powerSource":"Mains (single phase)","stackVersion":0,"type":"Router","zclVersion":3},"energy":180.92,"faults":[],"high_temperature_breaker":null,"high_temperature_threshold":null,"insufficient_balance_breaker":null,"insufficient_balance_threshold":null,"leakage_breaker":null,"leakage_test":null,"leakage_threshold":null,"linkquality":100,"over_current_breaker":null,"over_current_threshold":null,"over_voltage_breaker":null,"over_voltage_threshold":null,"overload_breaker":null,"overload_threshold":null,"power_a":0,"power_b":0,"power_c":0,"state":"ON","temperature":25,"under_voltage_breaker":null,"under_voltage_threshold":null,"voltage_a":242.1,"voltage_b":241.3,"voltage_c":239.3}'
[2026-09-02 10:44:17] [32minfo[39m: 	z2m:mqtt: MQTT publish: topic 'zigbee2mqtt/LivingRoomSocketHA', payload '{"child_lock":null,"countdown":null,"current":0.06,"device":{"applicationVersion":192,"dateCode":"","friendlyName":"LivingRoomSocketHA","hardwareVersion":1,"ieeeAddr":"0xa4c13812088a54ac","manufacturerID":4417,"manufacturerName":"_TZ3000_b28wrpvx","model":"TS011F_plug_1_2","networkAddress":38601,"powerSource":"Mains (single phase)","stackVersion":0,"type":"Router","zclVersion":3},"energy":35.39,"identify":null,"indicator_mode":null,"linkquality":116,"power":6,"power_outage_memory":null,"state":"ON","switch_type_button":null,"update":{"installed_version":-1,"latest_version":-1,"state":null},"voltage":233}'
[2026-09-02 10:44:17] [32minfo[39m: 	z2m:mqtt: MQTT publish: topic 'zigbee2mqtt/LivingRoomPIREntrance', payload '{"battery":100,"device":{"applicationVersion":145,"friendlyName":"LivingRoomPIREntrance","hardwareVersion":1,"ieeeAddr":"0xa4c1381b8b4eff23","manufacturerID":4742,"manufacturerName":"_TZE200_3towulqd","model":"ZG-204ZL","networkAddress":48812,"powerSource":"Battery","softwareBuildID":"0122052017","stackVersion":2,"type":"EndDevice","zclVersion":3},"illuminance":2685,"illuminance_interval":60,"keep_time":"10","linkquality":100,"occupancy":true,"sensitivity":"high"}'
[2026-09-02 10:44:18] [32minfo[39m: 	z2m:mqtt: MQTT publish: topic 'zigbee2mqtt/HallBreakerKitchenInduction', payload '{"current_a":0,"current_b":0,"current_c":0,"device":{"applicationVersion":74,"dateCode":"","friendlyName":"HallBreakerKitchenInduction","hardwareVersion":1,"ieeeAddr":"0xa4c138278695ef31","manufacturerID":4417,"manufacturerName":"_TZE204_wbhaespm","model":"ZXB3-125","networkAddress":36651,"powerSource":"Mains (single phase)","stackVersion":0,"type":"Router","zclVersion":3},"energy":180.92,"faults":[],"high_temperature_breaker":null,"high_temperature_threshold":null,"insufficient_balance_breaker":null,"insufficient_balance_threshold":null,"leakage_breaker":null,"leakage_test":null,"leakage_threshold":null,"linkquality":92,"over_current_breaker":null,"over_current_threshold":null,"over_voltage_breaker":null,"over_voltage_threshold":null,"overload_breaker":null,"overload_threshold":null,"power_a":0,"power_b":0,"power_c":0,"state":"ON","temperature":25,"under_voltage_breaker":null,"under_voltage_threshold":null,"voltage_a":242.1,"voltage_b":241.3,"voltage_c":239.3}'
[2026-09-02 10:44:19] [32minfo[39m: 	z2m:mqtt: MQTT publish: topic 'zigbee2mqtt/HallPIRSensorEntrance', payload '{"battery":100,"device":{"applicationVersion":145,"friendlyName":"HallPIRSensorEntrance","hardwareVersion":1,"ieeeAddr":"0xa4c138adb5fa215f","manufacturerID":4742,"manufacturerName":"_TZE200_3towulqd","model":"ZG-204ZL","networkAddress":19016,"powerSource":"Battery","softwareBuildID":"0122052017","stackVersion":2,"type":"EndDevice","zclVersion":3},"illuminance":1203,"illuminance_interval":60,"keep_time":"10","linkquality":144,"occupancy":false,"sensitivity":"high"}'
[2026-09-02 10:44:19] [32minfo[39m: 	z2m:mqtt: MQTT publish: topic 'zigbee2mqtt/HallEntranceIlluminance', payload '{"battery":50,"device":{"applicationVersion":151,"dateCode":"26022026","friendlyName":"HallEntranceIlluminance","hardwareVersion":1,"ieeeAddr":"0xa4c1386c6faff53b","manufacturerID":4742,"manufacturerName":"HOBEIAN","model":"ZG-106Z","networkAddress":28272,"powerSource":"Battery","softwareBuildID":"0126022026","stackVersion":2,"type":"EndDevice","zclVersion":3},"illuminance":7,"linkquality":128,"voltage":2700}'
[2026-09-02 10:44:20] [32minfo[39m: 	z2m:mqtt: MQTT publish: topic 'zigbee2mqtt/LivingRoomSocketTableLeft', payload '{"child_lock":null,"countdown":null,"current":0,"device":{"applicationVersion":192,"dateCode":"","friendlyName":"LivingRoomSocketTableLeft","hardwareVersion":1,"ieeeAddr":"0xa4c138cdf963eac3","manufacturerID":4417,"manufacturerName":"_TZ3000_b28wrpvx","model":"TS011F_plug_1_2","networkAddress":5376,"powerSource":"Mains (single phase)","stackVersion":0,"type":"Router","zclVersion":3},"energy":2.87,"identify":null,"indicator_mode":null,"linkquality":148,"power":0,"power_outage_memory":null,"state":"OFF","switch_type_button":null,"update":{"installed_version":-1,"latest_version":-1,"state":null},"voltage":234}'
[2026-09-02 10:44:20] [32minfo[39m: 	z2m:mqtt: MQTT publish: topic 'zigbee2mqtt/LivingRoomSocketTableLeft', payload '{"child_lock":null,"countdown":null,"current":0,"device":{"applicationVersion":192,"dateCode":"","friendlyName":"LivingRoomSocketTableLeft","hardwareVersion":1,"ieeeAddr":"0xa4c138cdf963eac3","manufacturerID":4417,"manufacturerName":"_TZ3000_b28wrpvx","model":"TS011F_plug_1_2","networkAddress":5376,"powerSource":"Mains (single phase)","stackVersion":0,"type":"Router","zclVersion":3},"energy":2.87,"identify":null,"indicator_mode":null,"linkquality":148,"power":0,"power_outage_memory":null,"state":"OFF","switch_type_button":null,"update":{"installed_version":-1,"latest_version":-1,"state":null},"voltage":234}'
[2026-09-02 10:44:20] [32minfo[39m: 	z2m:mqtt: MQTT publish: topic 'zigbee2mqtt/HallBereakerFA8', payload '{"child_lock":"UNLOCK","countdown":0,"current":0,"device":{"applicationVersion":75,"dateCode":"","friendlyName":"HallBereakerFA8","hardwareVersion":1,"ieeeAddr":"0x94b216fffe774cc4","manufacturerID":4098,"manufacturerName":"_TZ3000_cayepv1a","model":"TO-Q-SY2-163JZT","networkAddress":23781,"powerSource":"Mains (single phase)","stackVersion":0,"type":"Router","zclVersion":3},"energy":0.48,"indicator_mode":"off/on","linkquality":112,"over_current_breaker":"ON","over_current_threshold":65,"over_voltage_breaker":"ON","over_voltage_threshold":265,"power":0,"power_breaker":"ON","power_outage_memory":"restore","power_threshold":13,"state":"ON","temperature":32.89,"temperature_breaker":"ON","temperature_threshold":100,"under_voltage_breaker":"ON","under_voltage_threshold":75,"update":{"installed_version":-1,"latest_version":-1,"state":null},"voltage":240}'
[2026-09-02 10:44:20] [32minfo[39m: 	z2m:mqtt: MQTT publish: topic 'zigbee2mqtt/HallBereakerFA8', payload '{"child_lock":"UNLOCK","countdown":0,"current":0,"device":{"applicationVersion":75,"dateCode":"","friendlyName":"HallBereakerFA8","hardwareVersion":1,"ieeeAddr":"0x94b216fffe774cc4","manufacturerID":4098,"manufacturerName":"_TZ3000_cayepv1a","model":"TO-Q-SY2-163JZT","networkAddress":23781,"powerSource":"Mains (single phase)","stackVersion":0,"type":"Router","zclVersion":3},"energy":0.48,"indicator_mode":"off/on","linkquality":112,"over_current_breaker":"ON","over_current_threshold":65,"over_voltage_breaker":"ON","over_voltage_threshold":265,"power":0,"power_breaker":"ON","power_outage_memory":"restore","power_threshold":13,"state":"ON","temperature":32.89,"temperature_breaker":"ON","temperature_threshold":100,"under_voltage_breaker":"ON","under_voltage_threshold":75,"update":{"installed_version":-1,"latest_version":-1,"state":null},"voltage":240}'
[2026-09-02 10:44:21] [32minfo[39m: 	z2m:mqtt: MQTT publish: topic 'zigbee2mqtt/HallPIRSensorEntrance', payload '{"battery":100,"device":{"applicationVersion":145,"friendlyName":"HallPIRSensorEntrance","hardwareVersion":1,"ieeeAddr":"0xa4c138adb5fa215f","manufacturerID":4742,"manufacturerName":"_TZE200_3towulqd","model":"ZG-204ZL","networkAddress":19016,"powerSource":"Battery","softwareBuildID":"0122052017","stackVersion":2,"type":"EndDevice","zclVersion":3},"illuminance":1363,"illuminance_interval":60,"keep_time":"10","linkquality":136,"occupancy":false,"sensitivity":"high"}'
[2026-09-02 10:44:23] [32minfo[39m: 	z2m:mqtt: MQTT publish: topic 'zigbee2mqtt/LivingRoomPIREntrance', payload '{"battery":100,"device":{"applicationVersion":145,"friendlyName":"LivingRoomPIREntrance","hardwareVersion":1,"ieeeAddr":"0xa4c1381b8b4eff23","manufacturerID":4742,"manufacturerName":"_TZE200_3towulqd","model":"ZG-204ZL","networkAddress":48812,"powerSource":"Battery","softwareBuildID":"0122052017","stackVersion":2,"type":"EndDevice","zclVersion":3},"illuminance":2685,"illuminance_interval":60,"keep_time":"10","linkquality":96,"occupancy":true,"sensitivity":"high"}'
[2026-09-02 10:44:23] [32minfo[39m: 	z2m:mqtt: MQTT publish: topic 'zigbee2mqtt/HallBreakerMain', payload '{"current_a":0,"current_b":1.327,"current_c":0,"device":{"applicationVersion":74,"dateCode":"","friendlyName":"HallBreakerMain","hardwareVersion":1,"ieeeAddr":"0xa4c1381647fb6fe1","manufacturerID":4417,"manufacturerName":"_TZE204_wbhaespm","model":"ZXB3-125","networkAddress":23144,"powerSource":"Mains (single phase)","stackVersion":0,"type":"Router","zclVersion":3},"energy":758.32,"faults":[],"high_temperature_breaker":null,"high_temperature_threshold":null,"insufficient_balance_breaker":null,"insufficient_balance_threshold":null,"leakage_breaker":null,"leakage_test":null,"leakage_threshold":null,"linkquality":124,"over_current_breaker":null,"over_current_threshold":null,"over_voltage_breaker":null,"over_voltage_threshold":null,"overload_breaker":null,"overload_threshold":null,"power_a":0,"power_b":174,"power_c":0,"state":"ON","temperature":25,"under_voltage_breaker":null,"under_voltage_threshold":null,"voltage_a":241.5,"voltage_b":240.1,"voltage_c":239.3}'
[2026-09-02 10:44:23] [33mwarning[39m: 	z2m: Failed to ping 'WorkroomTableRightDimmer' (attempt 1/1, ZCL command 0x70ac08fffe48994a/1 genBasic.read(["zclVersion"], {"timeout":10000,"disableResponse":false,"disableRecovery":true,"disableDefaultResponse":true,"direction":0,"reservedBits":0,"writeUndiv":false,"sendPolicy":"immediate"}) failed ({"target":8507,"apsFrame":{"profileId":260,"clusterId":0,"sourceEndpoint":1,"destinationEndpoint":1,"options":4416,"groupId":0,"sequence":218},"zclSequence":4,"commandIdentifier":1} timed out after 10000ms))
[2026-09-02 10:44:24] [32minfo[39m: 	z2m:mqtt: MQTT publish: topic 'zigbee2mqtt/HallBreakerMain', payload '{"current_a":0,"current_b":1.327,"current_c":0,"device":{"applicationVersion":74,"dateCode":"","friendlyName":"HallBreakerMain","hardwareVersion":1,"ieeeAddr":"0xa4c1381647fb6fe1","manufacturerID":4417,"manufacturerName":"_TZE204_wbhaespm","model":"ZXB3-125","networkAddress":23144,"powerSource":"Mains (single phase)","stackVersion":0,"type":"Router","zclVersion":3},"energy":758.32,"faults":[],"high_temperature_breaker":null,"high_temperature_threshold":null,"insufficient_balance_breaker":null,"insufficient_balance_threshold":null,"leakage_breaker":null,"leakage_test":null,"leakage_threshold":null,"linkquality":92,"over_current_breaker":null,"over_current_threshold":null,"over_voltage_breaker":null,"over_voltage_threshold":null,"overload_breaker":null,"overload_threshold":null,"power_a":0,"power_b":174,"power_c":0,"state":"ON","temperature":25,"under_voltage_breaker":null,"under_voltage_threshold":null,"voltage_a":241.5,"voltage_b":240.1,"voltage_c":239.3}'
[2026-09-02 10:44:24] [32minfo[39m: 	z2m:mqtt: MQTT publish: topic 'zigbee2mqtt/HallBreakerMain', payload '{"current_a":0,"current_b":1.327,"current_c":0,"device":{"applicationVersion":74,"dateCode":"","friendlyName":"HallBreakerMain","hardwareVersion":1,"ieeeAddr":"0xa4c1381647fb6fe1","manufacturerID":4417,"manufacturerName":"_TZE204_wbhaespm","model":"ZXB3-125","networkAddress":23144,"powerSource":"Mains (single phase)","stackVersion":0,"type":"Router","zclVersion":3},"energy":758.32,"faults":[],"high_temperature_breaker":null,"high_temperature_threshold":null,"insufficient_balance_breaker":null,"insufficient_balance_threshold":null,"leakage_breaker":null,"leakage_test":null,"leakage_threshold":null,"linkquality":96,"over_current_breaker":null,"over_current_threshold":null,"over_voltage_breaker":null,"over_voltage_threshold":null,"overload_breaker":null,"overload_threshold":null,"power_a":0,"power_b":174,"power_c":0,"state":"ON","temperature":25,"under_voltage_breaker":null,"under_voltage_threshold":null,"voltage_a":241.5,"voltage_b":240.1,"voltage_c":239.3}'
[2026-09-02 10:44:25] [32minfo[39m: 	zh:ember:ezsp: Received network/route error ROUTE_ERROR_MANY_TO_ONE_ROUTE_FAILURE for "4926".
[2026-09-02 10:44:25] [32minfo[39m: 	z2m:mqtt: MQTT publish: topic 'zigbee2mqtt/KitchenSocketDishwasher', payload '{"child_lock":"UNLOCK","countdown":0,"current":0,"device":{"applicationVersion":112,"friendlyName":"KitchenSocketDishwasher","hardwareVersion":0,"ieeeAddr":"0xa4c1382292dbe653","manufacturerID":4107,"manufacturerName":"_TZ3000_cehuw1lw","model":"TS011F_plug_3","networkAddress":4926,"powerSource":"Mains (single phase)","softwareBuildID":"1.0.5\u0000","stackVersion":2,"type":"Router","zclVersion":3},"energy":43.16,"indicator_mode":"off/on","linkquality":180,"power":0,"power_outage_memory":"restore","state":"ON","update":{"installed_version":-1,"latest_version":-1,"state":null},"voltage":236}'
[2026-09-02 10:44:26] [32minfo[39m: 	z2m:mqtt: MQTT publish: topic 'zigbee2mqtt/KitchenSocketDishwasher', payload '{"child_lock":"UNLOCK","countdown":0,"current":0,"device":{"applicationVersion":112,"friendlyName":"KitchenSocketDishwasher","hardwareVersion":0,"ieeeAddr":"0xa4c1382292dbe653","manufacturerID":4107,"manufacturerName":"_TZ3000_cehuw1lw","model":"TS011F_plug_3","networkAddress":4926,"powerSource":"Mains (single phase)","softwareBuildID":"1.0.5\u0000","stackVersion":2,"type":"Router","zclVersion":3},"energy":43.16,"indicator_mode":"off/on","linkquality":180,"power":0,"power_outage_memory":"restore","state":"ON","update":{"installed_version":-1,"latest_version":-1,"state":null},"voltage":236}'
[2026-09-02 10:44:26] [32minfo[39m: 	z2m:mqtt: MQTT publish: topic 'zigbee2mqtt/WRSocketWindowLeft', payload '{"child_lock":null,"countdown":null,"current":0,"device":{"applicationVersion":77,"dateCode":"","friendlyName":"WRSocketWindowLeft","hardwareVersion":1,"ieeeAddr":"0xa4c138ef578c9f75","manufacturerID":4417,"manufacturerName":"_TZ3000_b28wrpvx","model":"TS011F_plug_1_2","networkAddress":23842,"powerSource":"Mains (single phase)","stackVersion":0,"type":"Router","zclVersion":3},"energy":1.37,"identify":null,"indicator_mode":null,"linkquality":108,"power":0,"power_outage_memory":null,"state":"OFF","switch_type_button":null,"update":{"installed_version":-1,"latest_version":-1,"state":null},"voltage":234}'
[2026-09-02 10:44:26] [32minfo[39m: 	z2m:mqtt: MQTT publish: topic 'zigbee2mqtt/WRSocketWindowLeft', payload '{"child_lock":null,"countdown":null,"current":0,"device":{"applicationVersion":77,"dateCode":"","friendlyName":"WRSocketWindowLeft","hardwareVersion":1,"ieeeAddr":"0xa4c138ef578c9f75","manufacturerID":4417,"manufacturerName":"_TZ3000_b28wrpvx","model":"TS011F_plug_1_2","networkAddress":23842,"powerSource":"Mains (single phase)","stackVersion":0,"type":"Router","zclVersion":3},"energy":1.37,"identify":null,"indicator_mode":null,"linkquality":108,"power":0,"power_outage_memory":null,"state":"OFF","switch_type_button":null,"update":{"installed_version":-1,"latest_version":-1,"state":null},"voltage":234}'
[2026-09-02 10:44:26] [32minfo[39m: 	z2m:mqtt: MQTT publish: topic 'zigbee2mqtt/HallBreakerKitchenInduction', payload '{"current_a":0,"current_b":0,"current_c":0,"device":{"applicationVersion":74,"dateCode":"","friendlyName":"HallBreakerKitchenInduction","hardwareVersion":1,"ieeeAddr":"0xa4c138278695ef31","manufacturerID":4417,"manufacturerName":"_TZE204_wbhaespm","model":"ZXB3-125","networkAddress":36651,"powerSource":"Mains (single phase)","stackVersion":0,"type":"Router","zclVersion":3},"energy":180.92,"faults":[],"high_temperature_breaker":null,"high_temperature_threshold":null,"insufficient_balance_breaker":null,"insufficient_balance_threshold":null,"leakage_breaker":null,"leakage_test":null,"leakage_threshold":null,"linkquality":112,"over_current_breaker":null,"over_current_threshold":null,"over_voltage_breaker":null,"over_voltage_threshold":null,"overload_breaker":null,"overload_threshold":null,"power_a":0,"power_b":0,"power_c":0,"state":"ON","temperature":25,"under_voltage_breaker":null,"under_voltage_threshold":null,"voltage_a":242.1,"voltage_b":241.3,"voltage_c":239.3}'
[2026-09-02 10:44:26] [32minfo[39m: 	z2m:mqtt: MQTT publish: topic 'zigbee2mqtt/HallBreakerMain', payload '{"current_a":0,"current_b":1.327,"current_c":0,"device":{"applicationVersion":74,"dateCode":"","friendlyName":"HallBreakerMain","hardwareVersion":1,"ieeeAddr":"0xa4c1381647fb6fe1","manufacturerID":4417,"manufacturerName":"_TZE204_wbhaespm","model":"ZXB3-125","networkAddress":23144,"powerSource":"Mains (single phase)","stackVersion":0,"type":"Router","zclVersion":3},"energy":758.32,"faults":[],"high_temperature_breaker":null,"high_temperature_threshold":null,"insufficient_balance_breaker":null,"insufficient_balance_threshold":null,"leakage_breaker":null,"leakage_test":null,"leakage_threshold":null,"linkquality":132,"over_current_breaker":null,"over_current_threshold":null,"over_voltage_breaker":null,"over_voltage_threshold":null,"overload_breaker":null,"overload_threshold":null,"power_a":0,"power_b":174,"power_c":0,"state":"ON","temperature":25,"under_voltage_breaker":null,"under_voltage_threshold":null,"voltage_a":241.5,"voltage_b":240.1,"voltage_c":239.3}'
[2026-09-02 10:44:26] [32minfo[39m: 	z2m:mqtt: MQTT publish: topic 'zigbee2mqtt/HallBreakerKitchenInduction', payload '{"current_a":0,"current_b":0,"current_c":0,"device":{"applicationVersion":74,"dateCode":"","friendlyName":"HallBreakerKitchenInduction","hardwareVersion":1,"ieeeAddr":"0xa4c138278695ef31","manufacturerID":4417,"manufacturerName":"_TZE204_wbhaespm","model":"ZXB3-125","networkAddress":36651,"powerSource":"Mains (single phase)","stackVersion":0,"type":"Router","zclVersion":3},"energy":180.92,"faults":[],"high_temperature_breaker":null,"high_temperature_threshold":null,"insufficient_balance_breaker":null,"insufficient_balance_threshold":null,"leakage_breaker":null,"leakage_test":null,"leakage_threshold":null,"linkquality":148,"over_current_breaker":null,"over_current_threshold":null,"over_voltage_breaker":null,"over_voltage_threshold":null,"overload_breaker":null,"overload_threshold":null,"power_a":0,"power_b":0,"power_c":0,"state":"ON","temperature":25,"under_voltage_breaker":null,"under_voltage_threshold":null,"voltage_a":242.1,"voltage_b":241.3,"voltage_c":239.3}'
